"SERIAL","NUMPREC","puma","county","location_name","um_distance","GQ","VEHICLES","rent","age","grade_level"
303589,3,8625,"Miami-Dade","Coral Gables North (NEAR UM!)","VERY CLOSE",1,1,3000,21,"15"
303619,2,1114,"Miami-Dade","Miami-Dade PUMA 1114","N/A",1,2,1800,25,"16"
303619,2,1114,"Miami-Dade","Miami-Dade PUMA 1114","N/A",1,2,1800,27,"16"
304054,3,101,"Miami-Dade","North Miami Beach & Aventura","Far",1,1,1700,27,"16"
304095,3,1902,"Palm Beach","Palm Beach PUMA 1902","N/A",1,2,1700,22,"15"
304108,2,102,"Miami-Dade","North Miami","Far",1,2,1100,23,"15"
304183,2,1103,"Miami-Dade","Coconut Grove","Very Close",1,1,2000,19,"15"
304283,5,1111,"Miami-Dade","South Miami & Pinecrest","Very Close",1,4,3000,21,"15"
304302,1,101,"Miami-Dade","North Miami Beach & Aventura","Far",1,1,1400,20,"15"
304365,2,8606,"Miami-Dade","South Miami Heights","Close",1,1,1500,30,"15"
304539,2,101,"Miami-Dade","North Miami Beach & Aventura","Far",1,2,1400,30,"15"
304621,1,101,"Miami-Dade","North Miami Beach & Aventura","Far",1,1,1000,21,"15"
304684,2,1110,"Miami-Dade","Westchester","Close",1,2,2000,26,"16"
304684,2,1110,"Miami-Dade","Westchester","Close",1,2,2000,27,"16"
304714,3,904,"Miami-Dade","Allapattah","Far",1,3,2400,23,"15"
304714,3,904,"Miami-Dade","Allapattah","Far",1,3,2400,24,"15"
304714,3,904,"Miami-Dade","Allapattah","Far",1,3,2400,24,"15"
304837,1,903,"Miami-Dade","Little Haiti","Far",1,1,1800,27,"16"
304841,3,8610,"Miami-Dade","Coral Gables Central (UM CAMPUS!)","VERY CLOSE",1,1,1900,18,"15"
304841,3,8610,"Miami-Dade","Coral Gables Central (UM CAMPUS!)","VERY CLOSE",1,1,1900,19,"15"
304970,4,8607,"Miami-Dade","Kendall Sunset","Moderate",1,2,2000,19,"15"
305014,2,901,"Miami-Dade","Miami-Dade PUMA 901","N/A",1,2,2500,24,"16"
305199,2,1114,"Miami-Dade","Miami-Dade PUMA 1114","N/A",1,2,1500,20,"15"
305642,4,101,"Miami-Dade","North Miami Beach & Aventura","Far",1,3,4000,24,"15"
305642,4,101,"Miami-Dade","North Miami Beach & Aventura","Far",1,3,4000,21,"15"
305642,4,101,"Miami-Dade","North Miami Beach & Aventura","Far",1,3,4000,21,"15"
305809,2,8615,"Miami-Dade","Kendall Hammocks","Moderate",1,2,2200,25,"15"
305838,2,1901,"Palm Beach","Palm Beach PUMA 1901","N/A",1,2,1200,25,"15"
305931,1,101,"Miami-Dade","North Miami Beach & Aventura","Far",1,1,1500,20,"15"
305979,3,5706,"Palm Beach","Palm Beach PUMA 5706","N/A",1,1,2400,19,"15"
306160,5,8623,"Miami-Dade","South Dade","Far",1,3,1300,19,"15"
306261,3,8616,"Miami-Dade","Kendall Central","Moderate",1,2,3000,21,"15"
306316,2,8609,"Miami-Dade","Miami-Dade PUMA 8609","N/A",1,2,2000,25,"15"
306497,2,8624,"Miami-Dade","Miami-Dade PUMA 8624","N/A",1,1,1800,25,"15"
306498,3,8622,"Miami-Dade","Cutler Bay South","Far",1,3,1700,23,"15"
306498,3,8622,"Miami-Dade","Cutler Bay South","Far",1,3,1700,19,"15"
306561,5,1108,"Miami-Dade","Kendall Lakes","Moderate",1,2,1900,24,"16"
306561,5,1108,"Miami-Dade","Kendall Lakes","Moderate",1,2,1900,19,"15"
306561,5,1108,"Miami-Dade","Kendall Lakes","Moderate",1,2,1900,18,"15"
306574,3,1106,"Miami-Dade","Doral","Moderate",1,2,3100,25,"15"
306738,1,102,"Miami-Dade","North Miami","Far",1,1,680,25,"16"
306880,4,8624,"Miami-Dade","Miami-Dade PUMA 8624","N/A",1,2,2000,22,"16"
306918,5,8607,"Miami-Dade","Kendall Sunset","Moderate",1,4,1900,18,"15"
307022,1,905,"Miami-Dade","Miami-Dade PUMA 905","N/A",1,2,390,26,"16"
307177,5,8623,"Miami-Dade","South Dade","Far",1,4,1700,20,"15"
307225,2,2101,"Palm Beach","Palm Beach PUMA 2101","N/A",1,2,1500,24,"16"
307234,3,8610,"Miami-Dade","Coral Gables Central (UM CAMPUS!)","VERY CLOSE",1,1,3900,29,"15"
307247,4,5705,"Palm Beach","Palm Beach PUMA 5705","N/A",1,3,1600,21,"15"
307247,4,5705,"Palm Beach","Palm Beach PUMA 5705","N/A",1,3,1600,18,"15"
307267,1,101,"Miami-Dade","North Miami Beach & Aventura","Far",1,1,990,21,"15"
307350,3,905,"Miami-Dade","Miami-Dade PUMA 905","N/A",1,1,1500,28,"15"
307389,5,2101,"Palm Beach","Palm Beach PUMA 2101","N/A",1,5,1000,18,"15"
307460,4,1114,"Miami-Dade","Miami-Dade PUMA 1114","N/A",1,3,1100,22,"15"
307538,3,6100,"Broward","Broward PUMA 6100","N/A",1,1,750,24,"15"
307550,1,902,"Miami-Dade","Miami Shores","Far",1,9,1300,29,"15"
307553,4,8611,"Miami-Dade","Olympia Heights","Close",1,2,1300,27,"15"
307684,3,5705,"Palm Beach","Palm Beach PUMA 5705","N/A",1,3,1400,25,"15"
307777,4,8618,"Miami-Dade","Kendall South","Moderate",1,2,3500,20,"15"
307779,3,5709,"Palm Beach","Palm Beach PUMA 5709","N/A",1,1,2600,20,"15"
307811,1,8620,"Miami-Dade","Cutler Bay","Far",1,2,4300,20,"15"
307904,2,101,"Miami-Dade","North Miami Beach & Aventura","Far",1,9,910,21,"15"
308243,2,8613,"Miami-Dade","Pinecrest","Close",1,1,3400,27,"15"
308331,1,8614,"Miami-Dade","Kendall Dadeland","Moderate",1,1,2400,30,"16"
308375,2,8603,"Miami-Dade","Coral Gables East (NEAR UM!)","VERY CLOSE",1,9,2100,21,"15"
308409,2,8616,"Miami-Dade","Kendall Central","Moderate",1,2,1100,26,"16"
308409,2,8616,"Miami-Dade","Kendall Central","Moderate",1,2,1100,25,"16"
308419,4,2102,"Palm Beach","Palm Beach PUMA 2102","N/A",1,3,1300,21,"15"
308472,3,8621,"Miami-Dade","Palmetto Bay","Close",1,3,3100,21,"15"
308600,1,398,"Miami-Dade","Miami-Dade PUMA 398","N/A",1,2,2100,23,"15"
308670,2,902,"Miami-Dade","Miami Shores","Far",1,2,1900,24,"16"
308670,2,902,"Miami-Dade","Miami Shores","Far",1,2,1900,24,"16"
308691,2,101,"Miami-Dade","North Miami Beach & Aventura","Far",1,2,1700,19,"15"
308702,6,8610,"Miami-Dade","Coral Gables Central (UM CAMPUS!)","VERY CLOSE",1,2,3000,18,"15"
308807,5,8619,"Miami-Dade","Homestead","Far",1,4,3200,20,"15"
308925,5,8613,"Miami-Dade","Pinecrest","Close",1,1,3600,23,"15"
309001,4,8614,"Miami-Dade","Kendall Dadeland","Moderate",1,4,1300,21,"15"
309001,4,8614,"Miami-Dade","Kendall Dadeland","Moderate",1,4,1300,21,"15"
309001,4,8614,"Miami-Dade","Kendall Dadeland","Moderate",1,4,1300,21,"15"
309001,4,8614,"Miami-Dade","Kendall Dadeland","Moderate",1,4,1300,20,"15"
309004,4,905,"Miami-Dade","Miami-Dade PUMA 905","N/A",1,4,3300,18,"15"
309414,4,8622,"Miami-Dade","Cutler Bay South","Far",1,3,2500,20,"15"
309443,2,101,"Miami-Dade","North Miami Beach & Aventura","Far",1,2,1100,21,"15"
309478,2,8605,"Miami-Dade","Coral Gables West (NEAR UM!)","VERY CLOSE",1,2,2700,23,"16"
309529,2,8613,"Miami-Dade","Pinecrest","Close",1,9,1100,20,"15"
309600,5,1115,"Miami-Dade","Miami-Dade PUMA 1115","N/A",1,2,2900,18,"15"
309668,2,1106,"Miami-Dade","Doral","Moderate",1,1,1900,27,"16"
309671,5,8607,"Miami-Dade","Kendall Sunset","Moderate",1,2,2500,18,"15"
309755,1,8608,"Miami-Dade","Kendall West","Moderate",1,1,2300,23,"15"
309975,6,8607,"Miami-Dade","Kendall Sunset","Moderate",1,4,1700,21,"15"
310149,2,8621,"Miami-Dade","Palmetto Bay","Close",1,2,2700,19,"15"
310170,2,8602,"Miami-Dade","Coral Gables East (NEAR UM!)","VERY CLOSE",1,1,1500,23,"16"
310176,4,8610,"Miami-Dade","Coral Gables Central (UM CAMPUS!)","VERY CLOSE",1,4,4100,24,"16"
310176,4,8610,"Miami-Dade","Coral Gables Central (UM CAMPUS!)","VERY CLOSE",1,4,4100,26,"16"
310176,4,8610,"Miami-Dade","Coral Gables Central (UM CAMPUS!)","VERY CLOSE",1,4,4100,26,"16"
310176,4,8610,"Miami-Dade","Coral Gables Central (UM CAMPUS!)","VERY CLOSE",1,4,4100,26,"16"
310187,1,8613,"Miami-Dade","Pinecrest","Close",1,9,2000,26,"16"
310226,1,101,"Miami-Dade","North Miami Beach & Aventura","Far",1,1,1300,23,"16"
310235,8,8611,"Miami-Dade","Olympia Heights","Close",1,3,3000,21,"15"
310251,1,5705,"Palm Beach","Palm Beach PUMA 5705","N/A",1,2,2500,28,"15"
310307,2,8611,"Miami-Dade","Olympia Heights","Close",1,9,2400,24,"15"
310413,1,5701,"Palm Beach","Palm Beach PUMA 5701","N/A",1,1,1000,20,"15"
310646,3,101,"Miami-Dade","North Miami Beach & Aventura","Far",1,2,650,20,"15"
310712,2,8621,"Miami-Dade","Palmetto Bay","Close",1,1,2000,21,"15"
310978,2,8614,"Miami-Dade","Kendall Dadeland","Moderate",1,1,410,19,"15"
310978,2,8614,"Miami-Dade","Kendall Dadeland","Moderate",1,1,410,19,"15"
311018,3,5710,"Palm Beach","Palm Beach PUMA 5710","N/A",1,3,3300,24,"15"
311244,2,8616,"Miami-Dade","Kendall Central","Moderate",1,1,1100,25,"16"
311259,3,2101,"Palm Beach","Palm Beach PUMA 2101","N/A",1,3,3500,20,"15"
311517,1,8616,"Miami-Dade","Kendall Central","Moderate",1,9,2000,28,"16"
311577,4,8616,"Miami-Dade","Kendall Central","Moderate",1,3,2600,20,"15"
311595,2,1109,"Miami-Dade","Kendall East","Moderate",1,1,2000,29,"16"
311728,5,5706,"Palm Beach","Palm Beach PUMA 5706","N/A",1,4,590,26,"16"
311728,5,5706,"Palm Beach","Palm Beach PUMA 5706","N/A",1,4,590,19,"15"
311754,5,8625,"Miami-Dade","Coral Gables North (NEAR UM!)","VERY CLOSE",1,2,1600,18,"15"
311860,1,8601,"Miami-Dade","West Kendall","Moderate",1,1,2200,26,"16"
311891,6,8617,"Miami-Dade","Southwest Miami-Dade","Far",1,1,1200,19,"15"
311976,3,8615,"Miami-Dade","Kendall Hammocks","Moderate",1,1,2400,27,"16"
312022,4,8603,"Miami-Dade","Coral Gables East (NEAR UM!)","VERY CLOSE",1,1,2200,20,"15"
312022,4,8603,"Miami-Dade","Coral Gables East (NEAR UM!)","VERY CLOSE",1,1,2200,18,"15"
312239,2,8613,"Miami-Dade","Pinecrest","Close",1,1,1200,28,"16"
312559,3,8616,"Miami-Dade","Kendall Central","Moderate",1,9,2200,19,"15"
312626,3,500,"Miami-Dade","Miami-Dade PUMA 500","N/A",1,1,2500,18,"15"
312662,3,8608,"Miami-Dade","Kendall West","Moderate",1,2,1700,26,"16"
312752,4,903,"Miami-Dade","Little Haiti","Far",1,5,1200,20,"15"
313072,4,8613,"Miami-Dade","Pinecrest","Close",1,4,1400,22,"15"
313324,5,8622,"Miami-Dade","Cutler Bay South","Far",1,4,2000,26,"15"
313382,4,8601,"Miami-Dade","West Kendall","Moderate",1,9,2200,18,"15"
313518,1,101,"Miami-Dade","North Miami Beach & Aventura","Far",1,1,1000,23,"16"
313645,2,904,"Miami-Dade","Allapattah","Far",1,2,1600,24,"16"
313756,4,8609,"Miami-Dade","Miami-Dade PUMA 8609","N/A",1,1,2000,20,"15"
313945,4,5705,"Palm Beach","Palm Beach PUMA 5705","N/A",1,2,1300,21,"15"
314053,2,6100,"Broward","Broward PUMA 6100","N/A",1,4,1200,19,"15"
314053,2,6100,"Broward","Broward PUMA 6100","N/A",1,4,1200,21,"15"
314121,3,1104,"Miami-Dade","Little Havana","Moderate",1,1,1300,19,"15"
314369,2,902,"Miami-Dade","Miami Shores","Far",1,4,1500,22,"16"
314371,2,8620,"Miami-Dade","Cutler Bay","Far",1,2,3100,26,"15"
314389,4,5701,"Palm Beach","Palm Beach PUMA 5701","N/A",1,4,4000,28,"16"
314405,4,8601,"Miami-Dade","West Kendall","Moderate",1,2,1600,24,"15"
314462,2,5710,"Palm Beach","Palm Beach PUMA 5710","N/A",1,2,3000,23,"15"
314487,2,101,"Miami-Dade","North Miami Beach & Aventura","Far",1,2,810,22,"15"
314487,2,101,"Miami-Dade","North Miami Beach & Aventura","Far",1,2,810,21,"15"
314489,1,398,"Miami-Dade","Miami-Dade PUMA 398","N/A",1,1,700,29,"16"
314528,2,2103,"Palm Beach","Palm Beach PUMA 2103","N/A",1,9,4400,24,"15"
314784,2,8601,"Miami-Dade","West Kendall","Moderate",1,1,2200,19,"15"
314785,3,5702,"Palm Beach","Palm Beach PUMA 5702","N/A",1,2,1700,19,"15"
315035,7,1116,"Miami-Dade","Miami-Dade PUMA 1116","N/A",1,3,3200,18,"15"
315153,2,8601,"Miami-Dade","West Kendall","Moderate",1,2,2200,30,"16"
315167,4,8618,"Miami-Dade","Kendall South","Moderate",1,2,3000,21,"15"
315192,3,8620,"Miami-Dade","Cutler Bay","Far",1,2,1200,20,"15"
315356,1,1104,"Miami-Dade","Little Havana","Moderate",1,1,1200,20,"15"
315586,2,903,"Miami-Dade","Little Haiti","Far",1,2,1600,27,"16"
315618,2,902,"Miami-Dade","Miami Shores","Far",1,2,1400,27,"15"
315695,1,1104,"Miami-Dade","Little Havana","Moderate",1,2,2200,28,"16"
315851,1,5705,"Palm Beach","Palm Beach PUMA 5705","N/A",1,9,1000,27,"16"
315863,1,101,"Miami-Dade","North Miami Beach & Aventura","Far",1,1,870,20,"15"
315933,1,8617,"Miami-Dade","Southwest Miami-Dade","Far",1,1,1900,28,"15"
315976,2,101,"Miami-Dade","North Miami Beach & Aventura","Far",1,2,1800,25,"16"
315976,2,101,"Miami-Dade","North Miami Beach & Aventura","Far",1,2,1800,25,"16"
315996,1,6100,"Broward","Broward PUMA 6100","N/A",1,1,1300,26,"16"
316095,4,1110,"Miami-Dade","Westchester","Close",1,2,1500,20,"15"
316274,4,798,"Miami-Dade","Miami-Dade PUMA 798","N/A",1,1,800,29,"16"
316460,5,8607,"Miami-Dade","Kendall Sunset","Moderate",1,2,1900,21,"15"
316523,3,2101,"Palm Beach","Palm Beach PUMA 2101","N/A",1,3,2100,20,"15"
316532,2,8611,"Miami-Dade","Olympia Heights","Close",1,1,1700,25,"15"
316667,3,5702,"Palm Beach","Palm Beach PUMA 5702","N/A",1,9,1300,20,"15"
316703,2,101,"Miami-Dade","North Miami Beach & Aventura","Far",1,2,1500,21,"15"
316703,2,101,"Miami-Dade","North Miami Beach & Aventura","Far",1,2,1500,21,"15"
316774,4,8623,"Miami-Dade","South Dade","Far",1,2,1500,19,"15"
316777,2,101,"Miami-Dade","North Miami Beach & Aventura","Far",1,2,1000,20,"15"
316777,2,101,"Miami-Dade","North Miami Beach & Aventura","Far",1,2,1000,20,"15"
316808,2,1902,"Palm Beach","Palm Beach PUMA 1902","N/A",1,2,2000,24,"15"
316826,1,101,"Miami-Dade","North Miami Beach & Aventura","Far",1,1,1500,22,"15"
316874,3,8608,"Miami-Dade","Kendall West","Moderate",1,2,1700,19,"15"
316926,1,8608,"Miami-Dade","Kendall West","Moderate",1,1,1800,23,"16"
316931,4,8616,"Miami-Dade","Kendall Central","Moderate",1,2,4100,22,"15"
316960,2,5701,"Palm Beach","Palm Beach PUMA 5701","N/A",1,2,2700,27,"15"
316960,2,5701,"Palm Beach","Palm Beach PUMA 5701","N/A",1,2,2700,24,"16"
317085,4,8614,"Miami-Dade","Kendall Dadeland","Moderate",1,4,2200,23,"16"
317234,2,8614,"Miami-Dade","Kendall Dadeland","Moderate",1,9,290,23,"16"
317234,2,8614,"Miami-Dade","Kendall Dadeland","Moderate",1,9,290,25,"16"
317306,2,8622,"Miami-Dade","Cutler Bay South","Far",1,2,1500,25,"15"
317377,4,5705,"Palm Beach","Palm Beach PUMA 5705","N/A",1,4,4800,20,"15"
317377,4,5705,"Palm Beach","Palm Beach PUMA 5705","N/A",1,4,4800,20,"15"
317377,4,5705,"Palm Beach","Palm Beach PUMA 5705","N/A",1,4,4800,20,"15"
317545,4,8610,"Miami-Dade","Coral Gables Central (UM CAMPUS!)","VERY CLOSE",1,3,2600,20,"15"
317750,2,1107,"Miami-Dade","Kendall West","Moderate",1,2,1200,30,"16"
317765,1,1109,"Miami-Dade","Kendall East","Moderate",1,1,2100,25,"15"
317800,2,5705,"Palm Beach","Palm Beach PUMA 5705","N/A",1,2,860,19,"15"
317800,2,5705,"Palm Beach","Palm Beach PUMA 5705","N/A",1,2,860,21,"15"
317803,3,101,"Miami-Dade","North Miami Beach & Aventura","Far",1,1,1600,21,"15"
317899,3,798,"Miami-Dade","Miami-Dade PUMA 798","N/A",1,3,1700,19,"15"
317899,3,798,"Miami-Dade","Miami-Dade PUMA 798","N/A",1,3,1700,20,"15"
317899,3,798,"Miami-Dade","Miami-Dade PUMA 798","N/A",1,3,1700,19,"15"
317947,2,1116,"Miami-Dade","Miami-Dade PUMA 1116","N/A",1,2,1800,22,"16"
317984,8,8624,"Miami-Dade","Miami-Dade PUMA 8624","N/A",1,9,2200,30,"15"
317984,8,8624,"Miami-Dade","Miami-Dade PUMA 8624","N/A",1,9,2200,23,"15"
318012,2,101,"Miami-Dade","North Miami Beach & Aventura","Far",1,2,2200,25,"16"
318012,2,101,"Miami-Dade","North Miami Beach & Aventura","Far",1,2,2200,29,"16"
318029,4,8601,"Miami-Dade","West Kendall","Moderate",1,4,900,20,"15"
318029,4,8601,"Miami-Dade","West Kendall","Moderate",1,4,900,23,"15"
318029,4,8601,"Miami-Dade","West Kendall","Moderate",1,4,900,20,"15"
318029,4,8601,"Miami-Dade","West Kendall","Moderate",1,4,900,20,"15"
318315,1,101,"Miami-Dade","North Miami Beach & Aventura","Far",1,9,780,27,"16"
318371,2,8603,"Miami-Dade","Coral Gables East (NEAR UM!)","VERY CLOSE",1,2,1800,26,"16"
318395,2,5705,"Palm Beach","Palm Beach PUMA 5705","N/A",1,2,1400,23,"15"
318504,3,8609,"Miami-Dade","Miami-Dade PUMA 8609","N/A",1,2,1800,27,"15"
318802,6,8621,"Miami-Dade","Palmetto Bay","Close",1,2,3500,18,"15"
318899,3,2103,"Palm Beach","Palm Beach PUMA 2103","N/A",1,2,4400,21,"15"
318899,3,2103,"Palm Beach","Palm Beach PUMA 2103","N/A",1,2,4400,19,"15"
318974,6,1113,"Miami-Dade","Miami-Dade PUMA 1113","N/A",1,3,3700,19,"15"
319267,2,8608,"Miami-Dade","Kendall West","Moderate",1,1,2800,28,"15"
319357,2,5710,"Palm Beach","Palm Beach PUMA 5710","N/A",1,2,1800,21,"15"
319524,1,1108,"Miami-Dade","Kendall Lakes","Moderate",1,1,2300,22,"16"
319553,5,8601,"Miami-Dade","West Kendall","Moderate",1,2,2600,26,"15"
319718,4,8602,"Miami-Dade","Coral Gables East (NEAR UM!)","VERY CLOSE",1,2,1600,29,"15"
319816,2,500,"Miami-Dade","Miami-Dade PUMA 500","N/A",1,2,1600,29,"16"
319836,1,8603,"Miami-Dade","Coral Gables East (NEAR UM!)","VERY CLOSE",1,1,1700,25,"15"
319842,2,101,"Miami-Dade","North Miami Beach & Aventura","Far",1,2,760,20,"15"
320058,6,8610,"Miami-Dade","Coral Gables Central (UM CAMPUS!)","VERY CLOSE",1,4,3500,19,"15"
320058,6,8610,"Miami-Dade","Coral Gables Central (UM CAMPUS!)","VERY CLOSE",1,4,3500,21,"15"
320137,5,8620,"Miami-Dade","Cutler Bay","Far",1,2,2000,21,"15"
320220,1,8613,"Miami-Dade","Pinecrest","Close",1,1,2000,22,"16"
320255,2,905,"Miami-Dade","Miami-Dade PUMA 905","N/A",1,2,2100,23,"15"
320255,2,905,"Miami-Dade","Miami-Dade PUMA 905","N/A",1,2,2100,23,"15"
320413,3,8608,"Miami-Dade","Kendall West","Moderate",1,2,3000,19,"15"
320447,5,8603,"Miami-Dade","Coral Gables East (NEAR UM!)","VERY CLOSE",1,2,2000,24,"15"
320511,2,8607,"Miami-Dade","Kendall Sunset","Moderate",1,2,2500,25,"16"
320882,2,903,"Miami-Dade","Little Haiti","Far",1,9,150,19,"15"
320953,5,8605,"Miami-Dade","Coral Gables West (NEAR UM!)","VERY CLOSE",1,3,1100,25,"15"
321045,2,8621,"Miami-Dade","Palmetto Bay","Close",1,1,2100,21,"15"
321139,2,1103,"Miami-Dade","Coconut Grove","Very Close",1,3,2200,25,"15"
321187,2,5710,"Palm Beach","Palm Beach PUMA 5710","N/A",1,2,2500,22,"15"
321187,2,5710,"Palm Beach","Palm Beach PUMA 5710","N/A",1,2,2500,22,"15"
321268,2,8619,"Miami-Dade","Homestead","Far",1,1,1700,23,"15"
321420,1,1398,"Broward","Broward PUMA 1398","N/A",1,1,400,28,"15"
321454,1,8617,"Miami-Dade","Southwest Miami-Dade","Far",1,1,3100,20,"15"
321575,2,8615,"Miami-Dade","Kendall Hammocks","Moderate",1,2,1400,24,"15"
321880,2,5710,"Palm Beach","Palm Beach PUMA 5710","N/A",1,1,2000,29,"15"
322079,3,8615,"Miami-Dade","Kendall Hammocks","Moderate",1,1,2600,21,"15"
322079,3,8615,"Miami-Dade","Kendall Hammocks","Moderate",1,1,2600,19,"15"
322198,5,8618,"Miami-Dade","Kendall South","Moderate",1,4,2800,30,"15"
322232,4,5701,"Palm Beach","Palm Beach PUMA 5701","N/A",1,1,1100,22,"15"
322237,3,8615,"Miami-Dade","Kendall Hammocks","Moderate",1,9,2400,18,"15"
322385,2,1105,"Miami-Dade","West Miami","Moderate",1,1,1900,24,"15"
322471,1,5705,"Palm Beach","Palm Beach PUMA 5705","N/A",1,1,990,23,"15"
322629,3,101,"Miami-Dade","North Miami Beach & Aventura","Far",1,3,1400,22,"15"
322629,3,101,"Miami-Dade","North Miami Beach & Aventura","Far",1,3,1400,22,"15"
322629,3,101,"Miami-Dade","North Miami Beach & Aventura","Far",1,3,1400,22,"15"
322646,3,8615,"Miami-Dade","Kendall Hammocks","Moderate",1,2,1700,18,"15"
322729,2,8608,"Miami-Dade","Kendall West","Moderate",1,1,1700,26,"16"
322856,2,8604,"Miami-Dade","Miami-Dade PUMA 8604","N/A",1,1,1800,18,"15"
322959,2,101,"Miami-Dade","North Miami Beach & Aventura","Far",1,2,1300,21,"15"
322959,2,101,"Miami-Dade","North Miami Beach & Aventura","Far",1,2,1300,21,"15"
323081,3,1902,"Palm Beach","Palm Beach PUMA 1902","N/A",1,2,1100,21,"15"
323469,3,8622,"Miami-Dade","Cutler Bay South","Far",1,9,2400,25,"15"
323583,3,8614,"Miami-Dade","Kendall Dadeland","Moderate",1,3,3600,27,"16"
323753,2,1106,"Miami-Dade","Doral","Moderate",1,2,1500,30,"16"
323777,1,1115,"Miami-Dade","Miami-Dade PUMA 1115","N/A",1,1,1500,19,"15"
323804,2,5707,"Palm Beach","Palm Beach PUMA 5707","N/A",1,2,1700,21,"15"
324033,2,101,"Miami-Dade","North Miami Beach & Aventura","Far",1,2,1800,23,"15"
324033,2,101,"Miami-Dade","North Miami Beach & Aventura","Far",1,2,1800,23,"16"
324219,2,101,"Miami-Dade","North Miami Beach & Aventura","Far",1,2,2300,24,"16"
324219,2,101,"Miami-Dade","North Miami Beach & Aventura","Far",1,2,2300,20,"15"
324264,5,8619,"Miami-Dade","Homestead","Far",1,3,3600,26,"15"
324295,3,2102,"Palm Beach","Palm Beach PUMA 2102","N/A",1,3,2000,23,"16"
324441,3,8613,"Miami-Dade","Pinecrest","Close",1,1,1400,27,"15"
324537,4,500,"Miami-Dade","Miami-Dade PUMA 500","N/A",1,4,1300,19,"15"
324724,2,1108,"Miami-Dade","Kendall Lakes","Moderate",1,2,3000,26,"15"
324788,3,8615,"Miami-Dade","Kendall Hammocks","Moderate",1,2,1800,24,"16"
324796,3,902,"Miami-Dade","Miami Shores","Far",1,3,1600,23,"15"
324869,5,8609,"Miami-Dade","Miami-Dade PUMA 8609","N/A",1,1,950,19,"15"
325105,2,1101,"Miami-Dade","Miami-Dade PUMA 1101","N/A",1,2,2600,25,"16"
325148,2,8607,"Miami-Dade","Kendall Sunset","Moderate",1,2,2300,28,"16"
325165,2,1105,"Miami-Dade","West Miami","Moderate",1,2,1900,21,"15"
325165,2,1105,"Miami-Dade","West Miami","Moderate",1,2,1900,23,"15"
325361,2,1106,"Miami-Dade","Doral","Moderate",1,1,2200,25,"16"
325547,2,5705,"Palm Beach","Palm Beach PUMA 5705","N/A",1,2,2100,26,"16"
325672,2,101,"Miami-Dade","North Miami Beach & Aventura","Far",1,2,1200,21,"15"
325672,2,101,"Miami-Dade","North Miami Beach & Aventura","Far",1,2,1200,20,"15"
325737,2,5704,"Palm Beach","Palm Beach PUMA 5704","N/A",1,2,1500,18,"15"
325933,3,8615,"Miami-Dade","Kendall Hammocks","Moderate",1,1,2500,20,"15"
326217,3,2101,"Palm Beach","Palm Beach PUMA 2101","N/A",1,3,3800,18,"15"
326236,4,8601,"Miami-Dade","West Kendall","Moderate",1,1,1400,23,"16"
326407,4,1108,"Miami-Dade","Kendall Lakes","Moderate",1,3,1900,20,"15"
326407,4,1108,"Miami-Dade","Kendall Lakes","Moderate",1,3,1900,20,"15"
326448,2,1116,"Miami-Dade","Miami-Dade PUMA 1116","N/A",1,2,1900,22,"15"
326532,2,5710,"Palm Beach","Palm Beach PUMA 5710","N/A",1,2,3000,29,"16"
326691,6,8611,"Miami-Dade","Olympia Heights","Close",1,2,1200,18,"15"
326787,1,101,"Miami-Dade","North Miami Beach & Aventura","Far",1,9,760,24,"16"
326835,2,101,"Miami-Dade","North Miami Beach & Aventura","Far",1,1,1800,21,"15"
326835,2,101,"Miami-Dade","North Miami Beach & Aventura","Far",1,1,1800,21,"15"
326897,3,1103,"Miami-Dade","Coconut Grove","Very Close",1,2,2400,25,"16"
327145,4,5702,"Palm Beach","Palm Beach PUMA 5702","N/A",1,4,2500,22,"15"
327145,4,5702,"Palm Beach","Palm Beach PUMA 5702","N/A",1,4,2500,20,"15"
327175,4,8618,"Miami-Dade","Kendall South","Moderate",1,2,4300,20,"15"
327175,4,8618,"Miami-Dade","Kendall South","Moderate",1,2,4300,20,"15"
327181,1,8602,"Miami-Dade","Coral Gables East (NEAR UM!)","VERY CLOSE",1,9,2400,26,"16"
327491,2,904,"Miami-Dade","Allapattah","Far",1,2,1500,30,"15"
327632,2,5710,"Palm Beach","Palm Beach PUMA 5710","N/A",1,2,3200,20,"15"
327632,2,5710,"Palm Beach","Palm Beach PUMA 5710","N/A",1,2,3200,21,"15"
327706,2,8616,"Miami-Dade","Kendall Central","Moderate",1,1,1800,28,"16"
327769,3,8618,"Miami-Dade","Kendall South","Moderate",1,2,1500,19,"15"
327826,4,8601,"Miami-Dade","West Kendall","Moderate",1,4,1300,21,"15"
327833,4,1114,"Miami-Dade","Miami-Dade PUMA 1114","N/A",1,3,2900,27,"15"
328052,2,5704,"Palm Beach","Palm Beach PUMA 5704","N/A",1,2,1200,19,"15"
328052,2,5704,"Palm Beach","Palm Beach PUMA 5704","N/A",1,2,1200,18,"15"
328073,3,2101,"Palm Beach","Palm Beach PUMA 2101","N/A",1,4,3400,18,"15"
328080,4,500,"Miami-Dade","Miami-Dade PUMA 500","N/A",1,1,1100,23,"15"
328142,5,8622,"Miami-Dade","Cutler Bay South","Far",1,4,3200,26,"15"
328246,2,5705,"Palm Beach","Palm Beach PUMA 5705","N/A",1,2,910,21,"15"
328246,2,5705,"Palm Beach","Palm Beach PUMA 5705","N/A",1,2,910,21,"15"
328415,2,903,"Miami-Dade","Little Haiti","Far",1,2,1600,22,"15"
328560,4,2102,"Palm Beach","Palm Beach PUMA 2102","N/A",1,2,1900,28,"15"
328881,2,5702,"Palm Beach","Palm Beach PUMA 5702","N/A",1,1,4300,20,"15"
328881,2,5702,"Palm Beach","Palm Beach PUMA 5702","N/A",1,1,4300,19,"15"
329117,3,8618,"Miami-Dade","Kendall South","Moderate",1,3,2500,24,"15"
329164,1,8614,"Miami-Dade","Kendall Dadeland","Moderate",1,1,3200,24,"16"
329264,1,1112,"Miami-Dade","Miami-Dade PUMA 1112","N/A",1,1,2900,24,"15"
329300,2,101,"Miami-Dade","North Miami Beach & Aventura","Far",1,2,2000,30,"16"
329331,2,902,"Miami-Dade","Miami Shores","Far",1,3,2000,22,"16"
329331,2,902,"Miami-Dade","Miami Shores","Far",1,3,2000,23,"15"
329404,3,8618,"Miami-Dade","Kendall South","Moderate",1,3,1300,28,"16"
329434,1,5998,"Palm Beach","Palm Beach PUMA 5998","N/A",1,1,1000,19,"15"
329518,2,1104,"Miami-Dade","Little Havana","Moderate",1,1,1300,19,"15"
329560,3,101,"Miami-Dade","North Miami Beach & Aventura","Far",1,1,700,24,"16"
329560,3,101,"Miami-Dade","North Miami Beach & Aventura","Far",1,1,700,24,"15"
329587,4,8611,"Miami-Dade","Olympia Heights","Close",1,1,1400,19,"15"
329886,2,101,"Miami-Dade","North Miami Beach & Aventura","Far",1,1,1800,19,"15"
329886,2,101,"Miami-Dade","North Miami Beach & Aventura","Far",1,1,1800,19,"15"
329967,2,8610,"Miami-Dade","Coral Gables Central (UM CAMPUS!)","VERY CLOSE",1,1,2600,23,"15"
330125,1,1110,"Miami-Dade","Westchester","Close",1,1,2500,23,"16"
330467,1,5702,"Palm Beach","Palm Beach PUMA 5702","N/A",1,1,2000,20,"15"
330541,3,101,"Miami-Dade","North Miami Beach & Aventura","Far",1,3,650,20,"15"
330541,3,101,"Miami-Dade","North Miami Beach & Aventura","Far",1,3,650,21,"15"
330541,3,101,"Miami-Dade","North Miami Beach & Aventura","Far",1,3,650,21,"15"
330554,4,8610,"Miami-Dade","Coral Gables Central (UM CAMPUS!)","VERY CLOSE",1,1,2200,23,"15"
330576,6,1107,"Miami-Dade","Kendall West","Moderate",1,3,1500,20,"15"
330588,2,8614,"Miami-Dade","Kendall Dadeland","Moderate",1,1,2200,24,"16"
330596,4,8615,"Miami-Dade","Kendall Hammocks","Moderate",1,2,1700,20,"15"
330996,5,8618,"Miami-Dade","Kendall South","Moderate",1,4,2500,19,"15"
331057,2,1110,"Miami-Dade","Westchester","Close",1,2,3400,21,"15"
331079,3,8602,"Miami-Dade","Coral Gables East (NEAR UM!)","VERY CLOSE",1,3,2500,24,"16"
331095,1,5705,"Palm Beach","Palm Beach PUMA 5705","N/A",1,1,1600,27,"15"
331130,4,1398,"Broward","Broward PUMA 1398","N/A",1,3,870,19,"15"
331170,4,101,"Miami-Dade","North Miami Beach & Aventura","Far",1,3,1700,21,"15"
331170,4,101,"Miami-Dade","North Miami Beach & Aventura","Far",1,3,1700,20,"15"
331170,4,101,"Miami-Dade","North Miami Beach & Aventura","Far",1,3,1700,20,"15"
331170,4,101,"Miami-Dade","North Miami Beach & Aventura","Far",1,3,1700,18,"15"
331283,3,5702,"Palm Beach","Palm Beach PUMA 5702","N/A",1,2,2600,22,"15"
331283,3,5702,"Palm Beach","Palm Beach PUMA 5702","N/A",1,2,2600,22,"15"
331283,3,5702,"Palm Beach","Palm Beach PUMA 5702","N/A",1,2,2600,21,"15"
331297,1,101,"Miami-Dade","North Miami Beach & Aventura","Far",1,1,630,20,"15"
331299,4,1117,"Miami-Dade","Miami-Dade PUMA 1117","N/A",1,2,4700,21,"15"
331459,4,8608,"Miami-Dade","Kendall West","Moderate",1,2,2500,21,"15"
331483,4,8609,"Miami-Dade","Miami-Dade PUMA 8609","N/A",1,1,1800,23,"15"
331555,2,1115,"Miami-Dade","Miami-Dade PUMA 1115","N/A",1,2,2100,24,"15"
331564,3,1106,"Miami-Dade","Doral","Moderate",1,3,2600,27,"16"
331564,3,1106,"Miami-Dade","Doral","Moderate",1,3,2600,26,"16"
331686,2,101,"Miami-Dade","North Miami Beach & Aventura","Far",1,1,1400,26,"16"
331790,2,5707,"Palm Beach","Palm Beach PUMA 5707","N/A",1,2,500,22,"15"
331864,2,1109,"Miami-Dade","Kendall East","Moderate",1,1,2400,30,"16"
331931,5,1109,"Miami-Dade","Kendall East","Moderate",1,3,1600,19,"15"
331933,1,500,"Miami-Dade","Miami-Dade PUMA 500","N/A",1,1,1100,21,"15"
331935,4,8620,"Miami-Dade","Cutler Bay","Far",1,5,2600,27,"16"
332150,2,5703,"Palm Beach","Palm Beach PUMA 5703","N/A",1,2,1500,25,"16"
332282,1,101,"Miami-Dade","North Miami Beach & Aventura","Far",1,1,1500,27,"15"
332305,4,8618,"Miami-Dade","Kendall South","Moderate",1,4,3000,20,"15"
332357,3,8601,"Miami-Dade","West Kendall","Moderate",1,1,2500,20,"15"
332634,8,8606,"Miami-Dade","South Miami Heights","Close",1,2,1500,21,"15"
332639,3,8608,"Miami-Dade","Kendall West","Moderate",1,3,1800,28,"16"
332643,3,1107,"Miami-Dade","Kendall West","Moderate",1,2,2700,19,"15"
332746,3,1111,"Miami-Dade","South Miami & Pinecrest","Very Close",1,2,2400,27,"15"
332791,5,1102,"Miami-Dade","Miami Beach","Far",1,2,2700,18,"15"
332794,2,5702,"Palm Beach","Palm Beach PUMA 5702","N/A",1,1,3200,28,"15"
332794,2,5702,"Palm Beach","Palm Beach PUMA 5702","N/A",1,1,3200,25,"15"
333379,3,8603,"Miami-Dade","Coral Gables East (NEAR UM!)","VERY CLOSE",1,2,1300,23,"15"
333585,3,1116,"Miami-Dade","Miami-Dade PUMA 1116","N/A",1,2,2300,19,"15"
333828,4,798,"Miami-Dade","Miami-Dade PUMA 798","N/A",1,2,700,24,"15"
333909,1,8616,"Miami-Dade","Kendall Central","Moderate",1,1,2300,19,"15"
334005,2,8611,"Miami-Dade","Olympia Heights","Close",1,2,3200,29,"15"
334067,3,8602,"Miami-Dade","Coral Gables East (NEAR UM!)","VERY CLOSE",1,1,1700,28,"15"
334301,3,1112,"Miami-Dade","Miami-Dade PUMA 1112","N/A",1,1,2100,25,"15"
334396,2,903,"Miami-Dade","Little Haiti","Far",1,2,1600,25,"16"
334598,2,8610,"Miami-Dade","Coral Gables Central (UM CAMPUS!)","VERY CLOSE",1,2,2000,28,"16"
334680,2,8620,"Miami-Dade","Cutler Bay","Far",1,2,1900,28,"16"
334735,4,1104,"Miami-Dade","Little Havana","Moderate",1,3,3200,25,"16"
334758,1,5705,"Palm Beach","Palm Beach PUMA 5705","N/A",1,3,2300,22,"15"
334783,4,1398,"Broward","Broward PUMA 1398","N/A",1,4,1900,26,"15"
334850,3,1101,"Miami-Dade","Miami-Dade PUMA 1101","N/A",1,2,2800,28,"15"
334917,2,5703,"Palm Beach","Palm Beach PUMA 5703","N/A",1,2,1600,30,"15"
334995,3,5707,"Palm Beach","Palm Beach PUMA 5707","N/A",1,3,3100,25,"15"
335002,3,8617,"Miami-Dade","Southwest Miami-Dade","Far",1,2,1400,18,"15"
335163,2,8623,"Miami-Dade","South Dade","Far",1,1,2300,25,"16"
335271,2,8618,"Miami-Dade","Kendall South","Moderate",1,2,2500,27,"16"
335322,4,8614,"Miami-Dade","Kendall Dadeland","Moderate",1,3,410,19,"15"
335322,4,8614,"Miami-Dade","Kendall Dadeland","Moderate",1,3,410,20,"15"
335322,4,8614,"Miami-Dade","Kendall Dadeland","Moderate",1,3,410,20,"15"
335322,4,8614,"Miami-Dade","Kendall Dadeland","Moderate",1,3,410,20,"15"
335332,2,903,"Miami-Dade","Little Haiti","Far",1,2,1800,23,"16"
335428,3,8605,"Miami-Dade","Coral Gables West (NEAR UM!)","VERY CLOSE",1,9,2100,19,"15"
335480,4,1115,"Miami-Dade","Miami-Dade PUMA 1115","N/A",1,2,2700,22,"15"
335480,4,1115,"Miami-Dade","Miami-Dade PUMA 1115","N/A",1,2,2700,19,"15"
335534,4,8610,"Miami-Dade","Coral Gables Central (UM CAMPUS!)","VERY CLOSE",1,3,2000,19,"15"
335671,2,5707,"Palm Beach","Palm Beach PUMA 5707","N/A",1,2,1800,20,"15"
335728,5,1115,"Miami-Dade","Miami-Dade PUMA 1115","N/A",1,3,2200,19,"15"
335812,2,8618,"Miami-Dade","Kendall South","Moderate",1,1,3000,19,"15"
335823,1,8613,"Miami-Dade","Pinecrest","Close",1,9,2200,27,"16"
335846,5,8613,"Miami-Dade","Pinecrest","Close",1,2,1500,18,"15"
335863,1,1112,"Miami-Dade","Miami-Dade PUMA 1112","N/A",1,1,1500,23,"15"
336087,1,8614,"Miami-Dade","Kendall Dadeland","Moderate",1,9,2000,20,"15"
336176,2,1114,"Miami-Dade","Miami-Dade PUMA 1114","N/A",1,1,1300,28,"15"
336355,2,8621,"Miami-Dade","Palmetto Bay","Close",1,2,2000,21,"15"
336503,1,1110,"Miami-Dade","Westchester","Close",1,1,2300,25,"16"
336510,8,904,"Miami-Dade","Allapattah","Far",1,3,1900,21,"16"
336510,8,904,"Miami-Dade","Allapattah","Far",1,3,1900,19,"16"
336548,1,905,"Miami-Dade","Miami-Dade PUMA 905","N/A",1,1,1700,23,"15"
336686,2,1105,"Miami-Dade","West Miami","Moderate",1,2,2100,22,"16"
336967,2,5710,"Palm Beach","Palm Beach PUMA 5710","N/A",1,2,1500,19,"15"
337045,5,8610,"Miami-Dade","Coral Gables Central (UM CAMPUS!)","VERY CLOSE",1,2,2700,29,"16"
337061,1,101,"Miami-Dade","North Miami Beach & Aventura","Far",1,1,900,24,"15"
337101,1,8610,"Miami-Dade","Coral Gables Central (UM CAMPUS!)","VERY CLOSE",1,1,1600,27,"15"
337249,2,8608,"Miami-Dade","Kendall West","Moderate",1,1,2400,21,"15"
337251,4,8608,"Miami-Dade","Kendall West","Moderate",1,3,3200,21,"15"
337369,1,1106,"Miami-Dade","Doral","Moderate",1,1,2000,23,"16"
337394,2,8613,"Miami-Dade","Pinecrest","Close",1,1,2600,26,"16"
337447,1,5705,"Palm Beach","Palm Beach PUMA 5705","N/A",1,1,1300,28,"16"
337476,4,2103,"Palm Beach","Palm Beach PUMA 2103","N/A",1,9,1500,27,"15"
337667,3,8615,"Miami-Dade","Kendall Hammocks","Moderate",1,1,1800,18,"15"
337693,7,8605,"Miami-Dade","Coral Gables West (NEAR UM!)","VERY CLOSE",1,2,1400,28,"15"
337693,7,8605,"Miami-Dade","Coral Gables West (NEAR UM!)","VERY CLOSE",1,2,1400,28,"16"
337743,2,8616,"Miami-Dade","Kendall Central","Moderate",1,2,2300,18,"15"
337850,2,905,"Miami-Dade","Miami-Dade PUMA 905","N/A",1,2,2000,24,"16"
338000,3,1902,"Palm Beach","Palm Beach PUMA 1902","N/A",1,2,1600,30,"15"
338026,3,101,"Miami-Dade","North Miami Beach & Aventura","Far",1,2,1700,30,"16"
338042,2,8613,"Miami-Dade","Pinecrest","Close",1,1,820,30,"16"
338050,2,5705,"Palm Beach","Palm Beach PUMA 5705","N/A",1,1,1700,20,"15"
338195,5,904,"Miami-Dade","Allapattah","Far",1,2,1900,18,"15"
338299,2,101,"Miami-Dade","North Miami Beach & Aventura","Far",1,9,1800,28,"16"
338304,1,5702,"Palm Beach","Palm Beach PUMA 5702","N/A",1,1,2300,26,"16"
338561,5,5711,"Palm Beach","Palm Beach PUMA 5711","N/A",1,4,2000,24,"15"
338561,5,5711,"Palm Beach","Palm Beach PUMA 5711","N/A",1,4,2000,18,"15"
338624,2,1106,"Miami-Dade","Doral","Moderate",1,2,2300,27,"16"
338730,9,8622,"Miami-Dade","Cutler Bay South","Far",1,3,1500,24,"15"
338730,9,8622,"Miami-Dade","Cutler Bay South","Far",1,3,1500,18,"15"
338783,1,5705,"Palm Beach","Palm Beach PUMA 5705","N/A",1,9,1100,23,"16"
338792,7,8621,"Miami-Dade","Palmetto Bay","Close",1,5,3300,19,"15"
339093,5,2103,"Palm Beach","Palm Beach PUMA 2103","N/A",1,1,1200,22,"15"
339149,3,8620,"Miami-Dade","Cutler Bay","Far",1,2,2700,26,"16"
339153,5,8610,"Miami-Dade","Coral Gables Central (UM CAMPUS!)","VERY CLOSE",1,3,1900,20,"15"
339374,2,8622,"Miami-Dade","Cutler Bay South","Far",1,2,1200,23,"15"
339437,2,8620,"Miami-Dade","Cutler Bay","Far",1,1,2100,19,"15"
339503,5,8625,"Miami-Dade","Coral Gables North (NEAR UM!)","VERY CLOSE",1,2,3100,18,"15"
339697,3,8613,"Miami-Dade","Pinecrest","Close",1,3,2200,21,"15"
339706,7,1108,"Miami-Dade","Kendall Lakes","Moderate",1,4,1100,21,"15"
339811,6,8607,"Miami-Dade","Kendall Sunset","Moderate",1,2,2100,22,"15"
340017,3,101,"Miami-Dade","North Miami Beach & Aventura","Far",1,2,1500,23,"15"
340017,3,101,"Miami-Dade","North Miami Beach & Aventura","Far",1,2,1500,22,"16"
340055,2,101,"Miami-Dade","North Miami Beach & Aventura","Far",1,1,1400,30,"16"
340055,2,101,"Miami-Dade","North Miami Beach & Aventura","Far",1,1,1400,26,"16"
340126,3,8621,"Miami-Dade","Palmetto Bay","Close",1,2,2800,26,"15"
340171,4,8616,"Miami-Dade","Kendall Central","Moderate",1,1,8200,23,"16"
340233,4,1102,"Miami-Dade","Miami Beach","Far",1,2,3500,21,"15"
340403,2,8610,"Miami-Dade","Coral Gables Central (UM CAMPUS!)","VERY CLOSE",1,2,2400,18,"15"
340501,4,5710,"Palm Beach","Palm Beach PUMA 5710","N/A",1,1,2000,24,"16"
340541,3,8619,"Miami-Dade","Homestead","Far",1,2,2400,23,"15"
340745,4,1113,"Miami-Dade","Miami-Dade PUMA 1113","N/A",1,1,2500,24,"16"
341374,1,5710,"Palm Beach","Palm Beach PUMA 5710","N/A",1,9,2100,21,"15"
341388,3,101,"Miami-Dade","North Miami Beach & Aventura","Far",1,2,1700,19,"15"
341823,2,8610,"Miami-Dade","Coral Gables Central (UM CAMPUS!)","VERY CLOSE",1,2,1200,26,"16"
341947,4,5701,"Palm Beach","Palm Beach PUMA 5701","N/A",1,2,2300,25,"16"
341947,4,5701,"Palm Beach","Palm Beach PUMA 5701","N/A",1,2,2300,19,"15"
342012,3,8611,"Miami-Dade","Olympia Heights","Close",1,3,3200,26,"15"
342060,3,8604,"Miami-Dade","Miami-Dade PUMA 8604","N/A",1,9,2000,19,"15"
342192,4,8624,"Miami-Dade","Miami-Dade PUMA 8624","N/A",1,2,2500,22,"15"
342232,4,8614,"Miami-Dade","Kendall Dadeland","Moderate",1,3,3000,20,"15"
342248,1,8603,"Miami-Dade","Coral Gables East (NEAR UM!)","VERY CLOSE",1,1,2300,22,"15"
342251,4,1101,"Miami-Dade","Miami-Dade PUMA 1101","N/A",1,3,2500,19,"15"
342469,1,101,"Miami-Dade","North Miami Beach & Aventura","Far",1,1,1300,19,"15"
342601,3,1105,"Miami-Dade","West Miami","Moderate",1,2,1700,19,"15"
342744,2,1103,"Miami-Dade","Coconut Grove","Very Close",1,2,2700,23,"16"
342756,2,798,"Miami-Dade","Miami-Dade PUMA 798","N/A",1,2,1400,25,"15"
342933,8,8606,"Miami-Dade","South Miami Heights","Close",1,9,220,27,"15"
342933,8,8606,"Miami-Dade","South Miami Heights","Close",1,9,220,22,"15"
342933,8,8606,"Miami-Dade","South Miami Heights","Close",1,9,220,20,"15"
343011,1,8608,"Miami-Dade","Kendall West","Moderate",1,3,2500,20,"15"
343016,4,2102,"Palm Beach","Palm Beach PUMA 2102","N/A",1,2,1600,20,"15"
343035,3,5702,"Palm Beach","Palm Beach PUMA 5702","N/A",1,3,1000,21,"16"
343035,3,5702,"Palm Beach","Palm Beach PUMA 5702","N/A",1,3,1000,24,"16"
343035,3,5702,"Palm Beach","Palm Beach PUMA 5702","N/A",1,3,1000,23,"16"
343112,2,8614,"Miami-Dade","Kendall Dadeland","Moderate",1,2,2500,30,"15"
343164,2,8622,"Miami-Dade","Cutler Bay South","Far",1,2,1200,26,"15"
343195,1,8614,"Miami-Dade","Kendall Dadeland","Moderate",1,1,3900,30,"16"
343228,4,5704,"Palm Beach","Palm Beach PUMA 5704","N/A",1,3,2300,22,"16"
343289,3,8625,"Miami-Dade","Coral Gables North (NEAR UM!)","VERY CLOSE",1,1,2400,18,"15"
343369,2,8609,"Miami-Dade","Miami-Dade PUMA 8609","N/A",1,2,1200,23,"15"
343452,1,8604,"Miami-Dade","Miami-Dade PUMA 8604","N/A",1,1,1600,27,"15"
343660,2,8613,"Miami-Dade","Pinecrest","Close",1,2,1800,27,"15"
343776,2,8609,"Miami-Dade","Miami-Dade PUMA 8609","N/A",1,2,2100,20,"15"
343846,4,1109,"Miami-Dade","Kendall East","Moderate",1,4,3200,28,"15"
343932,2,8604,"Miami-Dade","Miami-Dade PUMA 8604","N/A",1,1,1900,24,"15"
344116,1,1114,"Miami-Dade","Miami-Dade PUMA 1114","N/A",1,9,800,18,"15"
344118,4,5710,"Palm Beach","Palm Beach PUMA 5710","N/A",1,3,1900,19,"15"
344119,5,1105,"Miami-Dade","West Miami","Moderate",1,2,2100,21,"15"
344191,2,8613,"Miami-Dade","Pinecrest","Close",1,1,720,20,"15"
344205,3,5707,"Palm Beach","Palm Beach PUMA 5707","N/A",1,3,500,21,"15"
344232,3,8614,"Miami-Dade","Kendall Dadeland","Moderate",1,2,8200,23,"15"
344341,3,5701,"Palm Beach","Palm Beach PUMA 5701","N/A",1,1,1400,30,"16"
344388,3,1398,"Broward","Broward PUMA 1398","N/A",1,1,500,21,"15"
344393,2,8603,"Miami-Dade","Coral Gables East (NEAR UM!)","VERY CLOSE",1,1,3100,27,"15"
344549,2,1110,"Miami-Dade","Westchester","Close",1,1,2700,23,"16"
344549,2,1110,"Miami-Dade","Westchester","Close",1,1,2700,22,"16"
344579,5,8625,"Miami-Dade","Coral Gables North (NEAR UM!)","VERY CLOSE",1,1,1000,19,"15"
344622,5,8625,"Miami-Dade","Coral Gables North (NEAR UM!)","VERY CLOSE",1,3,800,22,"15"
344705,2,1106,"Miami-Dade","Doral","Moderate",1,2,2000,19,"15"
344741,6,8612,"Miami-Dade","Miami-Dade PUMA 8612","N/A",1,2,2900,22,"16"
344741,6,8612,"Miami-Dade","Miami-Dade PUMA 8612","N/A",1,2,2900,21,"15"
344778,5,8615,"Miami-Dade","Kendall Hammocks","Moderate",1,4,1700,22,"15"
345107,4,8621,"Miami-Dade","Palmetto Bay","Close",1,2,2900,20,"15"
345214,2,901,"Miami-Dade","Miami-Dade PUMA 901","N/A",1,1,1200,23,"15"
345216,2,102,"Miami-Dade","North Miami","Far",1,2,1300,25,"15"
345255,1,5703,"Palm Beach","Palm Beach PUMA 5703","N/A",1,1,1700,25,"15"
345324,2,8613,"Miami-Dade","Pinecrest","Close",1,1,3700,21,"15"
345324,2,8613,"Miami-Dade","Pinecrest","Close",1,1,3700,20,"15"
345436,4,8620,"Miami-Dade","Cutler Bay","Far",1,4,3100,30,"15"
345529,4,1114,"Miami-Dade","Miami-Dade PUMA 1114","N/A",1,2,2800,21,"15"
345534,3,8613,"Miami-Dade","Pinecrest","Close",1,9,1400,23,"15"
345601,3,1115,"Miami-Dade","Miami-Dade PUMA 1115","N/A",1,3,2400,27,"16"
345931,6,8601,"Miami-Dade","West Kendall","Moderate",1,3,3000,22,"15"
345958,1,5705,"Palm Beach","Palm Beach PUMA 5705","N/A",1,1,850,20,"15"
346029,2,8605,"Miami-Dade","Coral Gables West (NEAR UM!)","VERY CLOSE",1,2,2200,22,"15"
346052,4,8620,"Miami-Dade","Cutler Bay","Far",1,3,3300,27,"16"
346238,4,5705,"Palm Beach","Palm Beach PUMA 5705","N/A",1,3,720,21,"15"
346254,3,6100,"Broward","Broward PUMA 6100","N/A",1,2,1500,22,"15"
346254,3,6100,"Broward","Broward PUMA 6100","N/A",1,2,1500,19,"15"
346264,7,8603,"Miami-Dade","Coral Gables East (NEAR UM!)","VERY CLOSE",1,2,2000,20,"15"
346264,7,8603,"Miami-Dade","Coral Gables East (NEAR UM!)","VERY CLOSE",1,2,2000,24,"15"
346294,2,5701,"Palm Beach","Palm Beach PUMA 5701","N/A",1,3,1800,28,"15"
346548,3,5706,"Palm Beach","Palm Beach PUMA 5706","N/A",1,3,1500,19,"15"
346701,2,101,"Miami-Dade","North Miami Beach & Aventura","Far",1,2,1400,24,"16"
346804,4,8610,"Miami-Dade","Coral Gables Central (UM CAMPUS!)","VERY CLOSE",1,3,2900,19,"15"
346811,2,905,"Miami-Dade","Miami-Dade PUMA 905","N/A",1,1,1200,24,"15"
346866,2,901,"Miami-Dade","Miami-Dade PUMA 901","N/A",1,2,1500,28,"15"
346879,4,904,"Miami-Dade","Allapattah","Far",1,1,1500,21,"15"
347029,5,2103,"Palm Beach","Palm Beach PUMA 2103","N/A",1,3,820,23,"16"
347042,2,5705,"Palm Beach","Palm Beach PUMA 5705","N/A",1,1,1800,26,"15"
347060,3,5702,"Palm Beach","Palm Beach PUMA 5702","N/A",1,9,1000,19,"15"
347060,3,5702,"Palm Beach","Palm Beach PUMA 5702","N/A",1,9,1000,21,"15"
347130,3,101,"Miami-Dade","North Miami Beach & Aventura","Far",1,1,2300,20,"15"
347130,3,101,"Miami-Dade","North Miami Beach & Aventura","Far",1,1,2300,21,"15"
347130,3,101,"Miami-Dade","North Miami Beach & Aventura","Far",1,1,2300,20,"15"
347221,3,2102,"Palm Beach","Palm Beach PUMA 2102","N/A",1,2,1700,20,"15"
347498,2,101,"Miami-Dade","North Miami Beach & Aventura","Far",1,2,880,18,"15"
347502,3,798,"Miami-Dade","Miami-Dade PUMA 798","N/A",1,2,1400,21,"15"
347530,2,8614,"Miami-Dade","Kendall Dadeland","Moderate",1,1,4100,29,"16"
347592,5,1110,"Miami-Dade","Westchester","Close",1,3,1600,21,"15"
347863,2,8608,"Miami-Dade","Kendall West","Moderate",1,2,1800,24,"16"
348003,3,8606,"Miami-Dade","South Miami Heights","Close",1,2,1900,30,"15"
348061,4,8610,"Miami-Dade","Coral Gables Central (UM CAMPUS!)","VERY CLOSE",1,3,2600,19,"15"
348172,4,5704,"Palm Beach","Palm Beach PUMA 5704","N/A",1,3,2200,22,"15"
348209,3,101,"Miami-Dade","North Miami Beach & Aventura","Far",1,2,620,22,"15"
348209,3,101,"Miami-Dade","North Miami Beach & Aventura","Far",1,2,620,19,"15"
348279,3,8611,"Miami-Dade","Olympia Heights","Close",1,2,1600,20,"15"
348281,3,1107,"Miami-Dade","Kendall West","Moderate",1,1,1100,20,"15"
348377,1,101,"Miami-Dade","North Miami Beach & Aventura","Far",1,1,1100,22,"16"
348598,5,8610,"Miami-Dade","Coral Gables Central (UM CAMPUS!)","VERY CLOSE",1,3,860,26,"16"
348709,5,8608,"Miami-Dade","Kendall West","Moderate",1,2,2900,25,"16"
348709,5,8608,"Miami-Dade","Kendall West","Moderate",1,2,2900,21,"15"
348736,2,5705,"Palm Beach","Palm Beach PUMA 5705","N/A",1,2,1500,27,"16"
349212,5,8607,"Miami-Dade","Kendall Sunset","Moderate",1,2,2000,18,"15"
349529,2,8623,"Miami-Dade","South Dade","Far",1,2,2900,23,"15"
349556,2,1108,"Miami-Dade","Kendall Lakes","Moderate",1,2,2000,24,"16"
349591,4,500,"Miami-Dade","Miami-Dade PUMA 500","N/A",1,4,1700,21,"15"
349591,4,500,"Miami-Dade","Miami-Dade PUMA 500","N/A",1,4,1700,21,"15"
349591,4,500,"Miami-Dade","Miami-Dade PUMA 500","N/A",1,4,1700,21,"15"
349605,4,903,"Miami-Dade","Little Haiti","Far",1,4,890,22,"15"
349605,4,903,"Miami-Dade","Little Haiti","Far",1,4,890,21,"15"
349770,5,8610,"Miami-Dade","Coral Gables Central (UM CAMPUS!)","VERY CLOSE",1,3,2900,22,"15"
349770,5,8610,"Miami-Dade","Coral Gables Central (UM CAMPUS!)","VERY CLOSE",1,3,2900,19,"15"
349827,7,5998,"Palm Beach","Palm Beach PUMA 5998","N/A",1,2,700,21,"15"
349855,4,101,"Miami-Dade","North Miami Beach & Aventura","Far",1,9,680,29,"16"
349855,4,101,"Miami-Dade","North Miami Beach & Aventura","Far",1,9,680,19,"15"
349855,4,101,"Miami-Dade","North Miami Beach & Aventura","Far",1,9,680,19,"15"
349936,5,8624,"Miami-Dade","Miami-Dade PUMA 8624","N/A",1,4,2000,24,"15"
349936,5,8624,"Miami-Dade","Miami-Dade PUMA 8624","N/A",1,4,2000,22,"15"
349936,5,8624,"Miami-Dade","Miami-Dade PUMA 8624","N/A",1,4,2000,21,"15"
349942,2,8624,"Miami-Dade","Miami-Dade PUMA 8624","N/A",1,2,1000,24,"15"
349970,4,8605,"Miami-Dade","Coral Gables West (NEAR UM!)","VERY CLOSE",1,2,1400,19,"15"
350182,4,1109,"Miami-Dade","Kendall East","Moderate",1,2,1000,27,"16"
350247,1,8604,"Miami-Dade","Miami-Dade PUMA 8604","N/A",1,1,2300,26,"15"
350350,3,1108,"Miami-Dade","Kendall Lakes","Moderate",1,2,1300,24,"15"
350446,1,101,"Miami-Dade","North Miami Beach & Aventura","Far",1,1,1200,26,"16"
350481,1,101,"Miami-Dade","North Miami Beach & Aventura","Far",1,1,950,22,"15"
350566,2,1700,"Broward","Broward PUMA 1700","N/A",1,1,1000,20,"15"
350591,3,5705,"Palm Beach","Palm Beach PUMA 5705","N/A",1,2,920,20,"15"
350591,3,5705,"Palm Beach","Palm Beach PUMA 5705","N/A",1,2,920,22,"15"
350591,3,5705,"Palm Beach","Palm Beach PUMA 5705","N/A",1,2,920,19,"15"
350600,3,8613,"Miami-Dade","Pinecrest","Close",1,2,1500,24,"15"
350631,5,8602,"Miami-Dade","Coral Gables East (NEAR UM!)","VERY CLOSE",1,3,2100,23,"15"
350845,1,5703,"Palm Beach","Palm Beach PUMA 5703","N/A",1,9,2100,19,"15"
350847,2,1500,"Broward","Broward PUMA 1500","N/A",1,3,950,20,"15"
350847,2,1500,"Broward","Broward PUMA 1500","N/A",1,3,950,20,"15"
350887,2,5701,"Palm Beach","Palm Beach PUMA 5701","N/A",1,1,1500,22,"15"
350981,2,101,"Miami-Dade","North Miami Beach & Aventura","Far",1,2,1000,21,"15"
351031,4,8623,"Miami-Dade","South Dade","Far",1,1,2500,19,"15"
351047,1,101,"Miami-Dade","North Miami Beach & Aventura","Far",1,1,720,30,"16"
351092,4,101,"Miami-Dade","North Miami Beach & Aventura","Far",1,3,3600,20,"15"
351092,4,101,"Miami-Dade","North Miami Beach & Aventura","Far",1,3,3600,21,"15"
351092,4,101,"Miami-Dade","North Miami Beach & Aventura","Far",1,3,3600,21,"15"
351092,4,101,"Miami-Dade","North Miami Beach & Aventura","Far",1,3,3600,20,"15"
351189,4,8606,"Miami-Dade","South Miami Heights","Close",1,4,1500,22,"15"
351254,2,5701,"Palm Beach","Palm Beach PUMA 5701","N/A",1,2,2300,29,"15"
351267,6,8607,"Miami-Dade","Kendall Sunset","Moderate",1,2,1800,23,"15"
351356,2,1106,"Miami-Dade","Doral","Moderate",1,2,2800,26,"16"
351481,1,8614,"Miami-Dade","Kendall Dadeland","Moderate",1,1,1800,26,"16"
351593,1,101,"Miami-Dade","North Miami Beach & Aventura","Far",1,1,1200,21,"15"
351605,2,101,"Miami-Dade","North Miami Beach & Aventura","Far",1,1,1500,20,"15"
351605,2,101,"Miami-Dade","North Miami Beach & Aventura","Far",1,1,1500,20,"15"
351741,2,5705,"Palm Beach","Palm Beach PUMA 5705","N/A",1,2,2100,23,"16"
351829,4,8608,"Miami-Dade","Kendall West","Moderate",1,2,2000,18,"15"
351901,2,5703,"Palm Beach","Palm Beach PUMA 5703","N/A",1,2,1900,22,"16"
351901,2,5703,"Palm Beach","Palm Beach PUMA 5703","N/A",1,2,1900,22,"15"
351941,2,1108,"Miami-Dade","Kendall Lakes","Moderate",1,1,2300,26,"15"
352027,2,8623,"Miami-Dade","South Dade","Far",1,2,2800,30,"16"
352187,2,1106,"Miami-Dade","Doral","Moderate",1,2,1800,20,"15"
352200,3,8602,"Miami-Dade","Coral Gables East (NEAR UM!)","VERY CLOSE",1,2,2300,21,"16"
352200,3,8602,"Miami-Dade","Coral Gables East (NEAR UM!)","VERY CLOSE",1,2,2300,23,"16"
352200,3,8602,"Miami-Dade","Coral Gables East (NEAR UM!)","VERY CLOSE",1,2,2300,22,"16"
352305,2,101,"Miami-Dade","North Miami Beach & Aventura","Far",1,2,1900,21,"15"
352305,2,101,"Miami-Dade","North Miami Beach & Aventura","Far",1,2,1900,20,"15"
352326,4,8615,"Miami-Dade","Kendall Hammocks","Moderate",1,2,2200,21,"15"
352410,2,8623,"Miami-Dade","South Dade","Far",1,2,2800,29,"16"
352410,2,8623,"Miami-Dade","South Dade","Far",1,2,2800,29,"16"
352534,5,8623,"Miami-Dade","South Dade","Far",1,3,600,21,"15"
352680,2,5701,"Palm Beach","Palm Beach PUMA 5701","N/A",1,3,1900,23,"16"
352694,3,5710,"Palm Beach","Palm Beach PUMA 5710","N/A",1,2,2200,19,"15"
352839,4,8603,"Miami-Dade","Coral Gables East (NEAR UM!)","VERY CLOSE",1,2,2500,22,"15"
352893,2,5705,"Palm Beach","Palm Beach PUMA 5705","N/A",1,9,2100,22,"15"
352893,2,5705,"Palm Beach","Palm Beach PUMA 5705","N/A",1,9,2100,21,"15"
352941,4,8619,"Miami-Dade","Homestead","Far",1,2,2000,18,"15"
352992,4,8607,"Miami-Dade","Kendall Sunset","Moderate",1,3,2000,21,"15"
353032,2,101,"Miami-Dade","North Miami Beach & Aventura","Far",1,2,1800,29,"16"
353180,2,5708,"Palm Beach","Palm Beach PUMA 5708","N/A",1,2,2100,24,"15"
353203,3,8612,"Miami-Dade","Miami-Dade PUMA 8612","N/A",1,1,1500,22,"16"
353263,2,8606,"Miami-Dade","South Miami Heights","Close",1,2,880,19,"15"
353271,3,101,"Miami-Dade","North Miami Beach & Aventura","Far",1,2,1400,30,"16"
353274,6,5998,"Palm Beach","Palm Beach PUMA 5998","N/A",1,1,350,28,"16"
353322,2,5704,"Palm Beach","Palm Beach PUMA 5704","N/A",1,2,1200,20,"15"
353486,4,5706,"Palm Beach","Palm Beach PUMA 5706","N/A",1,2,1300,28,"15"
353687,3,8623,"Miami-Dade","South Dade","Far",1,2,2000,23,"15"
353805,2,5704,"Palm Beach","Palm Beach PUMA 5704","N/A",1,2,2000,23,"15"
353805,2,5704,"Palm Beach","Palm Beach PUMA 5704","N/A",1,2,2000,23,"15"
353847,4,8610,"Miami-Dade","Coral Gables Central (UM CAMPUS!)","VERY CLOSE",1,1,1700,22,"15"
353894,2,102,"Miami-Dade","North Miami","Far",1,2,1200,24,"16"
354155,2,8610,"Miami-Dade","Coral Gables Central (UM CAMPUS!)","VERY CLOSE",1,1,1600,22,"15"
354379,5,8623,"Miami-Dade","South Dade","Far",1,2,3600,21,"15"
354379,5,8623,"Miami-Dade","South Dade","Far",1,2,3600,21,"15"
354531,4,8618,"Miami-Dade","Kendall South","Moderate",1,2,2800,23,"15"
354564,2,1115,"Miami-Dade","Miami-Dade PUMA 1115","N/A",1,1,1700,18,"15"
354601,2,500,"Miami-Dade","Miami-Dade PUMA 500","N/A",1,2,1900,26,"16"
354601,2,500,"Miami-Dade","Miami-Dade PUMA 500","N/A",1,2,1900,27,"15"
354638,3,1102,"Miami-Dade","Miami Beach","Far",1,2,1900,29,"15"
354643,4,8625,"Miami-Dade","Coral Gables North (NEAR UM!)","VERY CLOSE",1,2,650,22,"15"
354647,2,101,"Miami-Dade","North Miami Beach & Aventura","Far",1,2,1400,26,"16"
354672,3,902,"Miami-Dade","Miami Shores","Far",1,2,1800,26,"15"
354682,1,8616,"Miami-Dade","Kendall Central","Moderate",1,3,8200,20,"15"
354800,4,1103,"Miami-Dade","Coconut Grove","Very Close",1,1,2300,19,"15"
354807,2,102,"Miami-Dade","North Miami","Far",1,2,1300,22,"16"
354808,3,1108,"Miami-Dade","Kendall Lakes","Moderate",1,2,1100,24,"15"
354821,2,798,"Miami-Dade","Miami-Dade PUMA 798","N/A",1,2,1000,24,"15"
354850,1,8624,"Miami-Dade","Miami-Dade PUMA 8624","N/A",1,1,1800,23,"15"
355036,8,8613,"Miami-Dade","Pinecrest","Close",1,3,3300,21,"15"
355075,6,5703,"Palm Beach","Palm Beach PUMA 5703","N/A",1,1,1900,24,"15"
355190,5,1111,"Miami-Dade","South Miami & Pinecrest","Very Close",1,4,4600,22,"16"
355227,3,1116,"Miami-Dade","Miami-Dade PUMA 1116","N/A",1,2,2400,24,"16"
355231,2,8618,"Miami-Dade","Kendall South","Moderate",1,2,2300,27,"15"
355231,2,8618,"Miami-Dade","Kendall South","Moderate",1,2,2300,26,"15"
355269,2,101,"Miami-Dade","North Miami Beach & Aventura","Far",1,2,2000,20,"15"
355269,2,101,"Miami-Dade","North Miami Beach & Aventura","Far",1,2,2000,21,"15"
355276,6,8602,"Miami-Dade","Coral Gables East (NEAR UM!)","VERY CLOSE",1,3,2100,27,"15"
355325,1,5705,"Palm Beach","Palm Beach PUMA 5705","N/A",1,2,970,20,"15"
355508,3,5701,"Palm Beach","Palm Beach PUMA 5701","N/A",1,2,2000,30,"16"
355508,3,5701,"Palm Beach","Palm Beach PUMA 5701","N/A",1,2,2000,18,"15"
355542,3,8614,"Miami-Dade","Kendall Dadeland","Moderate",1,3,2100,20,"15"
355566,1,1112,"Miami-Dade","Miami-Dade PUMA 1112","N/A",1,1,2200,22,"16"
355883,4,1115,"Miami-Dade","Miami-Dade PUMA 1115","N/A",1,3,2500,26,"15"
355993,5,8621,"Miami-Dade","Palmetto Bay","Close",1,3,3000,23,"16"
355993,5,8621,"Miami-Dade","Palmetto Bay","Close",1,3,3000,23,"15"
355993,5,8621,"Miami-Dade","Palmetto Bay","Close",1,3,3000,19,"15"
355994,2,101,"Miami-Dade","North Miami Beach & Aventura","Far",1,2,1500,21,"15"
355994,2,101,"Miami-Dade","North Miami Beach & Aventura","Far",1,2,1500,19,"15"
356076,2,101,"Miami-Dade","North Miami Beach & Aventura","Far",1,2,1400,22,"15"
356167,2,5702,"Palm Beach","Palm Beach PUMA 5702","N/A",1,2,1900,24,"15"
356167,2,5702,"Palm Beach","Palm Beach PUMA 5702","N/A",1,2,1900,23,"15"
356281,2,903,"Miami-Dade","Little Haiti","Far",1,2,1900,28,"16"
356360,4,903,"Miami-Dade","Little Haiti","Far",1,2,2000,27,"16"
356373,2,5703,"Palm Beach","Palm Beach PUMA 5703","N/A",1,2,1600,26,"16"
356852,2,102,"Miami-Dade","North Miami","Far",1,2,1400,21,"15"
356852,2,102,"Miami-Dade","North Miami","Far",1,2,1400,22,"15"
357019,2,8601,"Miami-Dade","West Kendall","Moderate",1,3,2700,20,"15"
357092,2,8610,"Miami-Dade","Coral Gables Central (UM CAMPUS!)","VERY CLOSE",1,2,2700,21,"15"
357143,4,1112,"Miami-Dade","Miami-Dade PUMA 1112","N/A",1,2,2400,28,"15"
357227,4,8607,"Miami-Dade","Kendall Sunset","Moderate",1,4,3000,26,"16"
357713,1,5705,"Palm Beach","Palm Beach PUMA 5705","N/A",1,1,960,22,"15"
357724,4,1117,"Miami-Dade","Miami-Dade PUMA 1117","N/A",1,2,3500,18,"15"
357877,7,8605,"Miami-Dade","Coral Gables West (NEAR UM!)","VERY CLOSE",1,2,2300,19,"15"
357927,2,8604,"Miami-Dade","Miami-Dade PUMA 8604","N/A",1,2,1600,30,"16"
358157,2,5702,"Palm Beach","Palm Beach PUMA 5702","N/A",1,2,2600,23,"16"
358157,2,5702,"Palm Beach","Palm Beach PUMA 5702","N/A",1,2,2600,25,"15"
358163,3,101,"Miami-Dade","North Miami Beach & Aventura","Far",1,1,750,20,"15"
358163,3,101,"Miami-Dade","North Miami Beach & Aventura","Far",1,1,750,18,"15"
358163,3,101,"Miami-Dade","North Miami Beach & Aventura","Far",1,1,750,21,"15"
358173,6,8613,"Miami-Dade","Pinecrest","Close",1,3,2000,25,"15"
358273,2,8614,"Miami-Dade","Kendall Dadeland","Moderate",1,1,4700,25,"15"
358298,4,5701,"Palm Beach","Palm Beach PUMA 5701","N/A",1,2,1600,26,"16"
358298,4,5701,"Palm Beach","Palm Beach PUMA 5701","N/A",1,2,1600,22,"15"
358340,4,5710,"Palm Beach","Palm Beach PUMA 5710","N/A",1,3,1900,18,"15"
358345,3,8606,"Miami-Dade","South Miami Heights","Close",1,1,1300,25,"15"
358403,4,8617,"Miami-Dade","Southwest Miami-Dade","Far",1,2,1900,18,"15"
358414,2,8608,"Miami-Dade","Kendall West","Moderate",1,2,2700,27,"16"
358447,5,901,"Miami-Dade","Miami-Dade PUMA 901","N/A",1,3,1700,18,"15"
358448,3,903,"Miami-Dade","Little Haiti","Far",1,2,650,24,"15"
358466,2,1109,"Miami-Dade","Kendall East","Moderate",1,2,2800,26,"15"
358551,2,1106,"Miami-Dade","Doral","Moderate",1,2,1700,29,"16"
358626,4,1901,"Palm Beach","Palm Beach PUMA 1901","N/A",1,3,950,18,"15"
358688,4,8618,"Miami-Dade","Kendall South","Moderate",1,3,2200,21,"15"
358689,5,1117,"Miami-Dade","Miami-Dade PUMA 1117","N/A",1,2,3100,22,"15"
358689,5,1117,"Miami-Dade","Miami-Dade PUMA 1117","N/A",1,2,3100,20,"15"
358727,5,8609,"Miami-Dade","Miami-Dade PUMA 8609","N/A",1,2,1200,25,"16"
358771,5,8615,"Miami-Dade","Kendall Hammocks","Moderate",1,3,2000,21,"15"
358771,5,8615,"Miami-Dade","Kendall Hammocks","Moderate",1,3,2000,18,"15"
358787,1,1110,"Miami-Dade","Westchester","Close",1,1,2200,24,"16"
358876,2,8617,"Miami-Dade","Southwest Miami-Dade","Far",1,1,3000,24,"15"
358876,2,8617,"Miami-Dade","Southwest Miami-Dade","Far",1,1,3000,22,"15"
359023,4,1102,"Miami-Dade","Miami Beach","Far",1,1,1900,24,"15"
359171,6,5701,"Palm Beach","Palm Beach PUMA 5701","N/A",1,3,2000,19,"15"
359171,6,5701,"Palm Beach","Palm Beach PUMA 5701","N/A",1,3,2000,30,"15"
359296,3,1111,"Miami-Dade","South Miami & Pinecrest","Very Close",1,3,2200,20,"15"
359296,3,1111,"Miami-Dade","South Miami & Pinecrest","Very Close",1,3,2200,23,"15"
359296,3,1111,"Miami-Dade","South Miami & Pinecrest","Very Close",1,3,2200,20,"15"
359314,2,5701,"Palm Beach","Palm Beach PUMA 5701","N/A",1,2,2500,26,"15"
359317,3,902,"Miami-Dade","Miami Shores","Far",1,3,2000,24,"15"
359317,3,902,"Miami-Dade","Miami Shores","Far",1,3,2000,24,"15"
359366,4,1115,"Miami-Dade","Miami-Dade PUMA 1115","N/A",1,2,820,30,"15"
359394,2,5707,"Palm Beach","Palm Beach PUMA 5707","N/A",1,2,2000,26,"15"
359414,1,5705,"Palm Beach","Palm Beach PUMA 5705","N/A",1,1,1600,30,"15"
359493,7,8615,"Miami-Dade","Kendall Hammocks","Moderate",1,5,1300,21,"16"
359494,5,8603,"Miami-Dade","Coral Gables East (NEAR UM!)","VERY CLOSE",1,2,1700,22,"15"
359494,5,8603,"Miami-Dade","Coral Gables East (NEAR UM!)","VERY CLOSE",1,2,1700,21,"15"
359494,5,8603,"Miami-Dade","Coral Gables East (NEAR UM!)","VERY CLOSE",1,2,1700,20,"15"
359498,1,5705,"Palm Beach","Palm Beach PUMA 5705","N/A",1,1,1200,20,"15"
359573,1,5710,"Palm Beach","Palm Beach PUMA 5710","N/A",1,1,1700,21,"15"
359708,4,1117,"Miami-Dade","Miami-Dade PUMA 1117","N/A",1,2,4800,21,"15"
359818,3,1112,"Miami-Dade","Miami-Dade PUMA 1112","N/A",1,3,3000,23,"15"
359912,2,1116,"Miami-Dade","Miami-Dade PUMA 1116","N/A",1,1,1700,28,"15"
360000,3,1101,"Miami-Dade","Miami-Dade PUMA 1101","N/A",1,3,2700,21,"15"
360189,5,903,"Miami-Dade","Little Haiti","Far",1,2,1600,30,"15"
360200,3,1104,"Miami-Dade","Little Havana","Moderate",1,9,1300,25,"15"
360366,2,1102,"Miami-Dade","Miami Beach","Far",1,2,1800,23,"15"
360480,4,8613,"Miami-Dade","Pinecrest","Close",1,3,900,18,"15"
360621,7,8603,"Miami-Dade","Coral Gables East (NEAR UM!)","VERY CLOSE",1,1,1500,20,"15"
360797,5,8615,"Miami-Dade","Kendall Hammocks","Moderate",1,4,2100,21,"15"
360798,2,8613,"Miami-Dade","Pinecrest","Close",1,9,1800,30,"15"
360875,5,8607,"Miami-Dade","Kendall Sunset","Moderate",1,3,2200,20,"15"
360891,3,101,"Miami-Dade","North Miami Beach & Aventura","Far",1,3,1200,20,"15"
360891,3,101,"Miami-Dade","North Miami Beach & Aventura","Far",1,3,1200,21,"15"
360891,3,101,"Miami-Dade","North Miami Beach & Aventura","Far",1,3,1200,20,"15"
360906,4,5705,"Palm Beach","Palm Beach PUMA 5705","N/A",1,2,1600,21,"15"
360906,4,5705,"Palm Beach","Palm Beach PUMA 5705","N/A",1,2,1600,20,"15"
360982,4,8617,"Miami-Dade","Southwest Miami-Dade","Far",1,3,1900,18,"15"
360994,7,8611,"Miami-Dade","Olympia Heights","Close",1,2,1800,20,"15"
361008,3,8617,"Miami-Dade","Southwest Miami-Dade","Far",1,1,2000,21,"15"
361187,3,5705,"Palm Beach","Palm Beach PUMA 5705","N/A",1,3,2600,22,"16"
361187,3,5705,"Palm Beach","Palm Beach PUMA 5705","N/A",1,3,2600,27,"16"
361187,3,5705,"Palm Beach","Palm Beach PUMA 5705","N/A",1,3,2600,24,"15"
361196,2,5710,"Palm Beach","Palm Beach PUMA 5710","N/A",1,2,2400,26,"15"
361222,2,101,"Miami-Dade","North Miami Beach & Aventura","Far",1,1,1500,29,"16"
361385,2,101,"Miami-Dade","North Miami Beach & Aventura","Far",1,2,1600,24,"16"
361385,2,101,"Miami-Dade","North Miami Beach & Aventura","Far",1,2,1600,25,"15"
361420,1,5710,"Palm Beach","Palm Beach PUMA 5710","N/A",1,1,2000,26,"15"
361518,3,8606,"Miami-Dade","South Miami Heights","Close",1,2,2000,19,"15"
361692,3,1115,"Miami-Dade","Miami-Dade PUMA 1115","N/A",1,3,3300,20,"15"
361749,4,798,"Miami-Dade","Miami-Dade PUMA 798","N/A",1,2,800,20,"15"
361777,4,2102,"Palm Beach","Palm Beach PUMA 2102","N/A",1,1,1900,25,"15"
361846,4,1117,"Miami-Dade","Miami-Dade PUMA 1117","N/A",1,2,1500,21,"15"
361848,2,8613,"Miami-Dade","Pinecrest","Close",1,2,4100,27,"16"
361932,4,8613,"Miami-Dade","Pinecrest","Close",1,1,700,23,"15"
361990,2,101,"Miami-Dade","North Miami Beach & Aventura","Far",1,1,870,20,"15"
361990,2,101,"Miami-Dade","North Miami Beach & Aventura","Far",1,1,870,19,"15"
362009,3,101,"Miami-Dade","North Miami Beach & Aventura","Far",1,3,830,22,"16"
362009,3,101,"Miami-Dade","North Miami Beach & Aventura","Far",1,3,830,23,"16"
362009,3,101,"Miami-Dade","North Miami Beach & Aventura","Far",1,3,830,20,"15"
362168,4,8620,"Miami-Dade","Cutler Bay","Far",1,2,1800,21,"15"
362329,2,8625,"Miami-Dade","Coral Gables North (NEAR UM!)","VERY CLOSE",1,2,2700,29,"16"
362336,2,8611,"Miami-Dade","Olympia Heights","Close",1,1,4300,29,"15"
362424,2,1114,"Miami-Dade","Miami-Dade PUMA 1114","N/A",1,9,2400,30,"15"
362490,3,8613,"Miami-Dade","Pinecrest","Close",1,1,2400,24,"15"
362490,3,8613,"Miami-Dade","Pinecrest","Close",1,1,2400,25,"15"
362496,3,1109,"Miami-Dade","Kendall East","Moderate",1,2,2600,19,"15"
362528,4,5998,"Palm Beach","Palm Beach PUMA 5998","N/A",1,2,850,27,"15"
362597,4,8608,"Miami-Dade","Kendall West","Moderate",1,2,1800,24,"15"
362670,3,5705,"Palm Beach","Palm Beach PUMA 5705","N/A",1,1,1300,22,"15"
362670,3,5705,"Palm Beach","Palm Beach PUMA 5705","N/A",1,1,1300,19,"15"
362826,3,8617,"Miami-Dade","Southwest Miami-Dade","Far",1,3,8200,18,"15"
362918,5,8606,"Miami-Dade","South Miami Heights","Close",1,2,1600,30,"15"
362932,1,902,"Miami-Dade","Miami Shores","Far",1,1,1400,26,"16"
363017,2,1111,"Miami-Dade","South Miami & Pinecrest","Very Close",1,2,2600,21,"15"
363147,2,902,"Miami-Dade","Miami Shores","Far",1,2,3500,29,"16"
363171,2,8610,"Miami-Dade","Coral Gables Central (UM CAMPUS!)","VERY CLOSE",1,1,3000,28,"16"
363186,3,101,"Miami-Dade","North Miami Beach & Aventura","Far",1,3,1900,20,"15"
363186,3,101,"Miami-Dade","North Miami Beach & Aventura","Far",1,3,1900,20,"15"
363186,3,101,"Miami-Dade","North Miami Beach & Aventura","Far",1,3,1900,20,"15"
363197,2,5705,"Palm Beach","Palm Beach PUMA 5705","N/A",1,2,2000,21,"15"
363197,2,5705,"Palm Beach","Palm Beach PUMA 5705","N/A",1,2,2000,21,"15"
363208,5,902,"Miami-Dade","Miami Shores","Far",1,2,2200,23,"15"
363208,5,902,"Miami-Dade","Miami Shores","Far",1,2,2200,21,"16"
363237,4,5711,"Palm Beach","Palm Beach PUMA 5711","N/A",1,3,1400,28,"15"
363313,1,903,"Miami-Dade","Little Haiti","Far",1,1,1600,24,"16"
363428,5,5711,"Palm Beach","Palm Beach PUMA 5711","N/A",1,2,2500,19,"15"
363443,1,8614,"Miami-Dade","Kendall Dadeland","Moderate",1,1,2400,28,"16"
363624,5,101,"Miami-Dade","North Miami Beach & Aventura","Far",1,4,860,22,"15"
363624,5,101,"Miami-Dade","North Miami Beach & Aventura","Far",1,4,860,23,"16"
363624,5,101,"Miami-Dade","North Miami Beach & Aventura","Far",1,4,860,21,"15"
363624,5,101,"Miami-Dade","North Miami Beach & Aventura","Far",1,4,860,20,"15"
363624,5,101,"Miami-Dade","North Miami Beach & Aventura","Far",1,4,860,20,"15"
363826,5,8613,"Miami-Dade","Pinecrest","Close",1,2,1600,21,"15"
364020,3,101,"Miami-Dade","North Miami Beach & Aventura","Far",1,3,2200,21,"15"
364020,3,101,"Miami-Dade","North Miami Beach & Aventura","Far",1,3,2200,21,"15"
364020,3,101,"Miami-Dade","North Miami Beach & Aventura","Far",1,3,2200,21,"15"
364224,4,5703,"Palm Beach","Palm Beach PUMA 5703","N/A",1,1,4000,18,"15"
364253,2,5705,"Palm Beach","Palm Beach PUMA 5705","N/A",1,2,1500,21,"15"
364465,3,1109,"Miami-Dade","Kendall East","Moderate",1,3,1800,22,"15"
364478,3,8620,"Miami-Dade","Cutler Bay","Far",1,2,2200,19,"15"
364831,1,5705,"Palm Beach","Palm Beach PUMA 5705","N/A",1,9,1300,21,"15"
365016,3,8617,"Miami-Dade","Southwest Miami-Dade","Far",1,3,2000,19,"15"
365342,4,1500,"Broward","Broward PUMA 1500","N/A",1,4,2000,25,"15"
365411,4,8608,"Miami-Dade","Kendall West","Moderate",1,9,2300,23,"15"
365411,4,8608,"Miami-Dade","Kendall West","Moderate",1,9,2300,20,"15"
365429,3,8609,"Miami-Dade","Miami-Dade PUMA 8609","N/A",1,4,2000,21,"15"
365449,1,1902,"Palm Beach","Palm Beach PUMA 1902","N/A",1,1,1300,26,"16"
365619,4,1110,"Miami-Dade","Westchester","Close",1,1,800,28,"15"
365631,4,5705,"Palm Beach","Palm Beach PUMA 5705","N/A",1,3,1500,21,"15"
365647,2,8620,"Miami-Dade","Cutler Bay","Far",1,2,2300,21,"15"
365704,5,8617,"Miami-Dade","Southwest Miami-Dade","Far",1,2,180,21,"15"
365704,5,8617,"Miami-Dade","Southwest Miami-Dade","Far",1,2,180,23,"16"
365704,5,8617,"Miami-Dade","Southwest Miami-Dade","Far",1,2,180,23,"16"
365704,5,8617,"Miami-Dade","Southwest Miami-Dade","Far",1,2,180,21,"15"
365973,7,8610,"Miami-Dade","Coral Gables Central (UM CAMPUS!)","VERY CLOSE",1,3,830,26,"16"
366003,2,5702,"Palm Beach","Palm Beach PUMA 5702","N/A",1,2,2500,27,"15"
366092,1,5705,"Palm Beach","Palm Beach PUMA 5705","N/A",1,1,1900,25,"16"
366316,2,500,"Miami-Dade","Miami-Dade PUMA 500","N/A",1,1,1900,28,"15"
366321,2,1398,"Broward","Broward PUMA 1398","N/A",1,1,500,23,"15"
366571,2,8607,"Miami-Dade","Kendall Sunset","Moderate",1,2,2800,22,"15"
366670,4,905,"Miami-Dade","Miami-Dade PUMA 905","N/A",1,3,1400,20,"15"
366683,3,2102,"Palm Beach","Palm Beach PUMA 2102","N/A",1,3,1500,29,"15"
366712,1,101,"Miami-Dade","North Miami Beach & Aventura","Far",1,9,550,21,"15"
366747,1,101,"Miami-Dade","North Miami Beach & Aventura","Far",1,1,950,18,"15"
366805,5,1113,"Miami-Dade","Miami-Dade PUMA 1113","N/A",1,9,2300,19,"15"
366805,5,1113,"Miami-Dade","Miami-Dade PUMA 1113","N/A",1,9,2300,19,"15"
366805,5,1113,"Miami-Dade","Miami-Dade PUMA 1113","N/A",1,9,2300,19,"15"
366805,5,1113,"Miami-Dade","Miami-Dade PUMA 1113","N/A",1,9,2300,19,"15"
366846,3,8608,"Miami-Dade","Kendall West","Moderate",1,2,1800,28,"16"
367126,3,1115,"Miami-Dade","Miami-Dade PUMA 1115","N/A",1,2,1900,20,"16"
367127,3,8603,"Miami-Dade","Coral Gables East (NEAR UM!)","VERY CLOSE",1,2,2000,18,"15"
367183,5,8623,"Miami-Dade","South Dade","Far",1,1,2700,21,"15"
367372,2,5707,"Palm Beach","Palm Beach PUMA 5707","N/A",1,2,2000,25,"15"
367452,1,5702,"Palm Beach","Palm Beach PUMA 5702","N/A",1,1,2300,29,"16"
367564,3,8612,"Miami-Dade","Miami-Dade PUMA 8612","N/A",1,2,2100,23,"15"
367787,1,1103,"Miami-Dade","Coconut Grove","Very Close",1,1,2000,21,"15"
367929,2,5705,"Palm Beach","Palm Beach PUMA 5705","N/A",1,2,2000,29,"16"
367929,2,5705,"Palm Beach","Palm Beach PUMA 5705","N/A",1,2,2000,27,"15"
368086,4,8620,"Miami-Dade","Cutler Bay","Far",1,2,2400,18,"15"
368166,4,8605,"Miami-Dade","Coral Gables West (NEAR UM!)","VERY CLOSE",1,3,1300,23,"15"
368224,2,101,"Miami-Dade","North Miami Beach & Aventura","Far",1,1,1200,24,"16"
368341,2,5704,"Palm Beach","Palm Beach PUMA 5704","N/A",1,1,2200,24,"15"
368349,6,8612,"Miami-Dade","Miami-Dade PUMA 8612","N/A",1,1,2200,30,"16"
368353,3,8624,"Miami-Dade","Miami-Dade PUMA 8624","N/A",1,3,500,21,"15"
368413,3,8612,"Miami-Dade","Miami-Dade PUMA 8612","N/A",1,1,2100,24,"15"
368610,2,8611,"Miami-Dade","Olympia Heights","Close",1,9,130,25,"15"
368785,3,8624,"Miami-Dade","Miami-Dade PUMA 8624","N/A",1,3,1700,23,"15"
368797,1,8617,"Miami-Dade","Southwest Miami-Dade","Far",1,1,2500,21,"15"
368876,2,902,"Miami-Dade","Miami Shores","Far",1,2,1400,25,"15"
368884,2,101,"Miami-Dade","North Miami Beach & Aventura","Far",1,9,1300,18,"15"
368884,2,101,"Miami-Dade","North Miami Beach & Aventura","Far",1,9,1300,18,"15"
368905,2,5702,"Palm Beach","Palm Beach PUMA 5702","N/A",1,2,1500,21,"15"
368905,2,5702,"Palm Beach","Palm Beach PUMA 5702","N/A",1,2,1500,20,"15"
369005,3,2102,"Palm Beach","Palm Beach PUMA 2102","N/A",1,1,1700,19,"15"
369138,4,8605,"Miami-Dade","Coral Gables West (NEAR UM!)","VERY CLOSE",1,9,1200,20,"15"
369154,2,5705,"Palm Beach","Palm Beach PUMA 5705","N/A",1,2,610,19,"15"
369285,2,901,"Miami-Dade","Miami-Dade PUMA 901","N/A",1,2,1500,22,"16"
369318,2,8615,"Miami-Dade","Kendall Hammocks","Moderate",1,2,2200,25,"15"
369325,2,101,"Miami-Dade","North Miami Beach & Aventura","Far",1,2,800,20,"15"
369325,2,101,"Miami-Dade","North Miami Beach & Aventura","Far",1,2,800,20,"15"
369509,2,8610,"Miami-Dade","Coral Gables Central (UM CAMPUS!)","VERY CLOSE",1,1,3000,20,"15"
369684,4,5701,"Palm Beach","Palm Beach PUMA 5701","N/A",1,1,110,24,"15"
369704,2,5998,"Palm Beach","Palm Beach PUMA 5998","N/A",1,2,500,19,"15"
369770,2,8616,"Miami-Dade","Kendall Central","Moderate",1,1,2000,24,"15"
369816,2,8614,"Miami-Dade","Kendall Dadeland","Moderate",1,9,2300,22,"16"
369816,2,8614,"Miami-Dade","Kendall Dadeland","Moderate",1,9,2300,22,"16"
369986,3,1500,"Broward","Broward PUMA 1500","N/A",1,3,1800,19,"15"
370027,3,1115,"Miami-Dade","Miami-Dade PUMA 1115","N/A",1,2,2000,29,"16"
370049,2,1111,"Miami-Dade","South Miami & Pinecrest","Very Close",1,2,2400,27,"15"
370065,3,902,"Miami-Dade","Miami Shores","Far",1,3,1600,22,"15"
370065,3,902,"Miami-Dade","Miami Shores","Far",1,3,1600,19,"15"
370098,4,8601,"Miami-Dade","West Kendall","Moderate",1,3,2300,21,"15"
370098,4,8601,"Miami-Dade","West Kendall","Moderate",1,3,2300,19,"15"
370138,3,1108,"Miami-Dade","Kendall Lakes","Moderate",1,1,1300,20,"15"
370190,3,5705,"Palm Beach","Palm Beach PUMA 5705","N/A",1,3,2200,24,"15"
370190,3,5705,"Palm Beach","Palm Beach PUMA 5705","N/A",1,3,2200,20,"15"
370190,3,5705,"Palm Beach","Palm Beach PUMA 5705","N/A",1,3,2200,20,"15"
370385,4,101,"Miami-Dade","North Miami Beach & Aventura","Far",1,3,3000,21,"15"
370385,4,101,"Miami-Dade","North Miami Beach & Aventura","Far",1,3,3000,23,"16"
370385,4,101,"Miami-Dade","North Miami Beach & Aventura","Far",1,3,3000,21,"15"
370385,4,101,"Miami-Dade","North Miami Beach & Aventura","Far",1,3,3000,20,"15"
370416,5,8606,"Miami-Dade","South Miami Heights","Close",1,2,1600,29,"15"
370416,5,8606,"Miami-Dade","South Miami Heights","Close",1,2,1600,26,"15"
370416,5,8606,"Miami-Dade","South Miami Heights","Close",1,2,1600,22,"15"
370437,1,5705,"Palm Beach","Palm Beach PUMA 5705","N/A",1,1,1700,27,"15"
370542,4,8609,"Miami-Dade","Miami-Dade PUMA 8609","N/A",1,1,2000,23,"15"
370554,4,8604,"Miami-Dade","Miami-Dade PUMA 8604","N/A",1,3,3800,18,"15"
370678,3,101,"Miami-Dade","North Miami Beach & Aventura","Far",1,3,650,19,"16"
370678,3,101,"Miami-Dade","North Miami Beach & Aventura","Far",1,3,650,20,"15"
370678,3,101,"Miami-Dade","North Miami Beach & Aventura","Far",1,3,650,19,"15"
370726,2,5702,"Palm Beach","Palm Beach PUMA 5702","N/A",1,2,2700,27,"15"
370762,4,8607,"Miami-Dade","Kendall Sunset","Moderate",1,3,2100,22,"15"
370813,2,101,"Miami-Dade","North Miami Beach & Aventura","Far",1,9,1700,29,"16"
370813,2,101,"Miami-Dade","North Miami Beach & Aventura","Far",1,9,1700,29,"16"
371024,3,8615,"Miami-Dade","Kendall Hammocks","Moderate",1,2,1800,21,"15"
371039,4,8610,"Miami-Dade","Coral Gables Central (UM CAMPUS!)","VERY CLOSE",1,2,2400,20,"15"
371078,2,8614,"Miami-Dade","Kendall Dadeland","Moderate",1,1,4300,30,"15"
371148,4,5705,"Palm Beach","Palm Beach PUMA 5705","N/A",1,3,2300,19,"15"
371179,2,8617,"Miami-Dade","Southwest Miami-Dade","Far",1,9,3200,21,"15"
371179,2,8617,"Miami-Dade","Southwest Miami-Dade","Far",1,9,3200,20,"15"
371271,2,8620,"Miami-Dade","Cutler Bay","Far",1,2,2000,27,"16"
371299,6,1114,"Miami-Dade","Miami-Dade PUMA 1114","N/A",1,1,1900,22,"15"
371351,2,5701,"Palm Beach","Palm Beach PUMA 5701","N/A",1,2,1100,23,"16"
371416,3,8611,"Miami-Dade","Olympia Heights","Close",1,3,2000,19,"15"
371513,4,5707,"Palm Beach","Palm Beach PUMA 5707","N/A",1,4,1400,20,"15"
371524,2,1115,"Miami-Dade","Miami-Dade PUMA 1115","N/A",1,1,1500,20,"15"
371706,4,8619,"Miami-Dade","Homestead","Far",1,3,1800,19,"15"
371724,3,8612,"Miami-Dade","Miami-Dade PUMA 8612","N/A",1,9,1900,23,"15"
371764,2,5703,"Palm Beach","Palm Beach PUMA 5703","N/A",1,1,1000,22,"15"
371830,1,101,"Miami-Dade","North Miami Beach & Aventura","Far",1,1,1200,21,"15"
371871,3,904,"Miami-Dade","Allapattah","Far",1,2,1100,18,"15"
371959,2,5705,"Palm Beach","Palm Beach PUMA 5705","N/A",1,1,1400,22,"15"
371959,2,5705,"Palm Beach","Palm Beach PUMA 5705","N/A",1,1,1400,23,"15"
372005,2,8617,"Miami-Dade","Southwest Miami-Dade","Far",1,2,2600,24,"15"
372145,5,1113,"Miami-Dade","Miami-Dade PUMA 1113","N/A",1,1,2000,22,"15"
372343,2,101,"Miami-Dade","North Miami Beach & Aventura","Far",1,9,1700,20,"15"
372343,2,101,"Miami-Dade","North Miami Beach & Aventura","Far",1,9,1700,21,"15"
372413,1,8608,"Miami-Dade","Kendall West","Moderate",1,1,2000,21,"15"
372747,4,101,"Miami-Dade","North Miami Beach & Aventura","Far",1,4,3400,21,"15"
372747,4,101,"Miami-Dade","North Miami Beach & Aventura","Far",1,4,3400,21,"15"
372747,4,101,"Miami-Dade","North Miami Beach & Aventura","Far",1,4,3400,20,"15"
372747,4,101,"Miami-Dade","North Miami Beach & Aventura","Far",1,4,3400,20,"15"
372851,2,8603,"Miami-Dade","Coral Gables East (NEAR UM!)","VERY CLOSE",1,2,1500,24,"15"
372929,3,1111,"Miami-Dade","South Miami & Pinecrest","Very Close",1,5,1800,20,"15"
372931,5,8605,"Miami-Dade","Coral Gables West (NEAR UM!)","VERY CLOSE",1,4,1400,22,"15"
373027,2,901,"Miami-Dade","Miami-Dade PUMA 901","N/A",1,1,1300,20,"15"
373061,2,1107,"Miami-Dade","Kendall West","Moderate",1,2,1500,30,"15"
373061,2,1107,"Miami-Dade","Kendall West","Moderate",1,2,1500,30,"16"
373203,1,5702,"Palm Beach","Palm Beach PUMA 5702","N/A",1,9,900,22,"15"
373301,4,101,"Miami-Dade","North Miami Beach & Aventura","Far",1,2,590,18,"15"
373301,4,101,"Miami-Dade","North Miami Beach & Aventura","Far",1,2,590,18,"15"
373301,4,101,"Miami-Dade","North Miami Beach & Aventura","Far",1,2,590,18,"15"
373301,4,101,"Miami-Dade","North Miami Beach & Aventura","Far",1,2,590,18,"15"
373409,3,8607,"Miami-Dade","Kendall Sunset","Moderate",1,1,550,18,"15"
373538,3,8609,"Miami-Dade","Miami-Dade PUMA 8609","N/A",1,1,740,23,"15"
373551,4,1110,"Miami-Dade","Westchester","Close",1,2,2900,22,"16"
373672,2,2103,"Palm Beach","Palm Beach PUMA 2103","N/A",1,2,290,29,"16"
373672,2,2103,"Palm Beach","Palm Beach PUMA 2103","N/A",1,2,290,25,"16"
373734,2,1106,"Miami-Dade","Doral","Moderate",1,2,2800,28,"15"
373779,3,1108,"Miami-Dade","Kendall Lakes","Moderate",1,3,4400,24,"16"
373888,3,8607,"Miami-Dade","Kendall Sunset","Moderate",1,3,1800,30,"16"
373915,4,5704,"Palm Beach","Palm Beach PUMA 5704","N/A",1,3,1500,22,"15"
373996,4,8616,"Miami-Dade","Kendall Central","Moderate",1,3,2300,20,"15"
374011,2,8620,"Miami-Dade","Cutler Bay","Far",1,2,2000,24,"15"
374062,3,8604,"Miami-Dade","Miami-Dade PUMA 8604","N/A",1,1,2000,18,"15"
374137,3,8601,"Miami-Dade","West Kendall","Moderate",1,2,2400,21,"15"
374165,5,1114,"Miami-Dade","Miami-Dade PUMA 1114","N/A",1,2,3500,23,"15"
374350,3,8621,"Miami-Dade","Palmetto Bay","Close",1,2,2700,20,"15"
374425,3,1398,"Broward","Broward PUMA 1398","N/A",1,2,2900,19,"15"
374793,2,8617,"Miami-Dade","Southwest Miami-Dade","Far",1,9,3000,19,"15"
374793,2,8617,"Miami-Dade","Southwest Miami-Dade","Far",1,9,3000,19,"15"
374991,2,1115,"Miami-Dade","Miami-Dade PUMA 1115","N/A",1,2,2600,29,"15"
375015,4,8619,"Miami-Dade","Homestead","Far",1,4,800,21,"15"
375015,4,8619,"Miami-Dade","Homestead","Far",1,4,800,19,"15"
375023,5,5998,"Palm Beach","Palm Beach PUMA 5998","N/A",1,9,700,27,"15"
375027,2,8602,"Miami-Dade","Coral Gables East (NEAR UM!)","VERY CLOSE",1,2,570,19,"15"
375100,2,8608,"Miami-Dade","Kendall West","Moderate",1,1,2000,27,"16"
375118,5,8610,"Miami-Dade","Coral Gables Central (UM CAMPUS!)","VERY CLOSE",1,2,8200,21,"15"
375118,5,8610,"Miami-Dade","Coral Gables Central (UM CAMPUS!)","VERY CLOSE",1,2,8200,18,"15"
375146,1,1107,"Miami-Dade","Kendall West","Moderate",1,1,4,24,"15"
375168,2,5702,"Palm Beach","Palm Beach PUMA 5702","N/A",1,2,3500,23,"16"
375168,2,5702,"Palm Beach","Palm Beach PUMA 5702","N/A",1,2,3500,21,"16"
375272,2,8601,"Miami-Dade","West Kendall","Moderate",1,1,1200,22,"15"
375301,4,8618,"Miami-Dade","Kendall South","Moderate",1,3,2300,18,"15"
375340,5,101,"Miami-Dade","North Miami Beach & Aventura","Far",1,3,2200,21,"15"
375369,2,5705,"Palm Beach","Palm Beach PUMA 5705","N/A",1,2,910,22,"15"
375369,2,5705,"Palm Beach","Palm Beach PUMA 5705","N/A",1,2,910,19,"15"
375556,2,5705,"Palm Beach","Palm Beach PUMA 5705","N/A",1,9,1600,23,"16"
375666,4,1108,"Miami-Dade","Kendall Lakes","Moderate",1,1,2300,21,"15"
375676,5,8608,"Miami-Dade","Kendall West","Moderate",1,3,1600,22,"15"
375676,5,8608,"Miami-Dade","Kendall West","Moderate",1,3,1600,22,"15"
375738,4,5702,"Palm Beach","Palm Beach PUMA 5702","N/A",1,2,1700,18,"15"
375758,4,1117,"Miami-Dade","Miami-Dade PUMA 1117","N/A",1,1,3500,19,"15"
375758,4,1117,"Miami-Dade","Miami-Dade PUMA 1117","N/A",1,1,3500,20,"15"
375758,4,1117,"Miami-Dade","Miami-Dade PUMA 1117","N/A",1,1,3500,21,"15"
375759,3,1109,"Miami-Dade","Kendall East","Moderate",1,1,1900,22,"15"
375817,1,5705,"Palm Beach","Palm Beach PUMA 5705","N/A",1,1,800,21,"15"
375994,3,5702,"Palm Beach","Palm Beach PUMA 5702","N/A",1,1,2200,22,"15"
375994,3,5702,"Palm Beach","Palm Beach PUMA 5702","N/A",1,1,2200,21,"15"
376011,4,8603,"Miami-Dade","Coral Gables East (NEAR UM!)","VERY CLOSE",1,2,1100,21,"15"
376115,2,5705,"Palm Beach","Palm Beach PUMA 5705","N/A",1,2,1700,26,"15"
376125,4,903,"Miami-Dade","Little Haiti","Far",1,1,1700,24,"16"
376125,4,903,"Miami-Dade","Little Haiti","Far",1,1,1700,27,"16"
376125,4,903,"Miami-Dade","Little Haiti","Far",1,1,1700,22,"16"
376134,6,8615,"Miami-Dade","Kendall Hammocks","Moderate",1,1,1800,24,"15"
376225,3,8611,"Miami-Dade","Olympia Heights","Close",1,3,2400,22,"15"
376466,3,101,"Miami-Dade","North Miami Beach & Aventura","Far",1,1,1900,23,"15"
376466,3,101,"Miami-Dade","North Miami Beach & Aventura","Far",1,1,1900,19,"15"
376488,8,904,"Miami-Dade","Allapattah","Far",1,3,2200,28,"15"
376554,4,5710,"Palm Beach","Palm Beach PUMA 5710","N/A",1,2,2400,24,"15"
376562,2,5701,"Palm Beach","Palm Beach PUMA 5701","N/A",1,2,2600,20,"15"
376846,2,8625,"Miami-Dade","Coral Gables North (NEAR UM!)","VERY CLOSE",1,1,2200,24,"15"
376848,3,8609,"Miami-Dade","Miami-Dade PUMA 8609","N/A",1,9,1600,29,"15"
377007,1,101,"Miami-Dade","North Miami Beach & Aventura","Far",1,9,1100,23,"16"
377109,1,8616,"Miami-Dade","Kendall Central","Moderate",1,1,2000,24,"16"
377173,3,8610,"Miami-Dade","Coral Gables Central (UM CAMPUS!)","VERY CLOSE",1,2,3800,20,"15"
377214,1,1110,"Miami-Dade","Westchester","Close",1,1,2000,25,"16"
377229,2,903,"Miami-Dade","Little Haiti","Far",1,1,1300,19,"15"
377310,4,8608,"Miami-Dade","Kendall West","Moderate",1,2,2400,21,"15"
377376,3,5707,"Palm Beach","Palm Beach PUMA 5707","N/A",1,2,2000,29,"15"
377391,2,8617,"Miami-Dade","Southwest Miami-Dade","Far",1,2,2100,23,"16"
377391,2,8617,"Miami-Dade","Southwest Miami-Dade","Far",1,2,2100,23,"16"
377399,4,1111,"Miami-Dade","South Miami & Pinecrest","Very Close",1,1,1700,19,"15"
377424,5,8609,"Miami-Dade","Miami-Dade PUMA 8609","N/A",1,6,2300,19,"15"
377543,2,5705,"Palm Beach","Palm Beach PUMA 5705","N/A",1,1,1500,27,"15"
377567,1,5705,"Palm Beach","Palm Beach PUMA 5705","N/A",1,1,900,21,"15"
377572,4,8607,"Miami-Dade","Kendall Sunset","Moderate",1,3,1900,22,"15"
377600,4,8613,"Miami-Dade","Pinecrest","Close",1,1,1200,21,"15"
377640,1,8611,"Miami-Dade","Olympia Heights","Close",1,1,1000,25,"15"
377698,6,1103,"Miami-Dade","Coconut Grove","Very Close",1,3,1600,19,"15"
377773,4,8620,"Miami-Dade","Cutler Bay","Far",1,2,2000,22,"15"
377896,1,500,"Miami-Dade","Miami-Dade PUMA 500","N/A",1,1,1800,30,"16"
377918,3,8601,"Miami-Dade","West Kendall","Moderate",1,3,1700,19,"15"
377919,1,5702,"Palm Beach","Palm Beach PUMA 5702","N/A",1,1,1400,24,"16"
377978,5,8621,"Miami-Dade","Palmetto Bay","Close",1,4,3100,23,"15"
378218,1,904,"Miami-Dade","Allapattah","Far",1,1,1600,22,"15"
378282,4,8621,"Miami-Dade","Palmetto Bay","Close",1,4,3200,24,"16"
378432,2,101,"Miami-Dade","North Miami Beach & Aventura","Far",1,9,730,29,"16"
378432,2,101,"Miami-Dade","North Miami Beach & Aventura","Far",1,9,730,30,"16"
378440,4,5705,"Palm Beach","Palm Beach PUMA 5705","N/A",1,4,850,20,"15"
378440,4,5705,"Palm Beach","Palm Beach PUMA 5705","N/A",1,4,850,21,"15"
378440,4,5705,"Palm Beach","Palm Beach PUMA 5705","N/A",1,4,850,21,"15"
378440,4,5705,"Palm Beach","Palm Beach PUMA 5705","N/A",1,4,850,21,"16"
378501,4,8619,"Miami-Dade","Homestead","Far",1,2,2000,23,"15"
378581,3,8622,"Miami-Dade","Cutler Bay South","Far",1,2,2400,28,"15"
378581,3,8622,"Miami-Dade","Cutler Bay South","Far",1,2,2400,27,"16"
378591,6,8601,"Miami-Dade","West Kendall","Moderate",1,9,2800,20,"15"
378803,1,8614,"Miami-Dade","Kendall Dadeland","Moderate",1,1,3000,27,"16"
378882,3,1101,"Miami-Dade","Miami-Dade PUMA 1101","N/A",1,3,1400,25,"15"
379036,4,5711,"Palm Beach","Palm Beach PUMA 5711","N/A",1,2,700,28,"15"
379142,3,1104,"Miami-Dade","Little Havana","Moderate",1,2,2100,18,"15"
379716,1,8614,"Miami-Dade","Kendall Dadeland","Moderate",1,1,2500,30,"16"
379741,2,101,"Miami-Dade","North Miami Beach & Aventura","Far",1,2,500,27,"16"
379793,3,5704,"Palm Beach","Palm Beach PUMA 5704","N/A",1,1,1700,29,"15"
379861,4,1902,"Palm Beach","Palm Beach PUMA 1902","N/A",1,3,1100,24,"16"
379886,4,8609,"Miami-Dade","Miami-Dade PUMA 8609","N/A",1,2,2200,21,"15"
379949,2,8612,"Miami-Dade","Miami-Dade PUMA 8612","N/A",1,2,1800,26,"15"
379950,3,8624,"Miami-Dade","Miami-Dade PUMA 8624","N/A",1,9,280,24,"15"
380322,3,8623,"Miami-Dade","South Dade","Far",1,2,1700,19,"15"
380361,3,903,"Miami-Dade","Little Haiti","Far",1,3,900,22,"15"
380361,3,903,"Miami-Dade","Little Haiti","Far",1,3,900,23,"15"
380361,3,903,"Miami-Dade","Little Haiti","Far",1,3,900,20,"15"
380462,4,8619,"Miami-Dade","Homestead","Far",1,1,850,23,"15"
380673,1,101,"Miami-Dade","North Miami Beach & Aventura","Far",1,1,1000,26,"16"
380726,1,101,"Miami-Dade","North Miami Beach & Aventura","Far",1,1,1300,24,"16"
380752,3,8622,"Miami-Dade","Cutler Bay South","Far",1,2,1700,21,"15"
381000,4,8607,"Miami-Dade","Kendall Sunset","Moderate",1,1,2500,22,"15"
381099,3,8620,"Miami-Dade","Cutler Bay","Far",1,2,2600,22,"15"
381111,2,5702,"Palm Beach","Palm Beach PUMA 5702","N/A",1,2,2800,27,"15"
381111,2,5702,"Palm Beach","Palm Beach PUMA 5702","N/A",1,2,2800,25,"15"
381215,4,8623,"Miami-Dade","South Dade","Far",1,3,2200,20,"15"
381254,2,8607,"Miami-Dade","Kendall Sunset","Moderate",1,2,1500,20,"15"
381365,2,8614,"Miami-Dade","Kendall Dadeland","Moderate",1,1,3200,27,"16"
381406,4,8619,"Miami-Dade","Homestead","Far",1,2,1800,18,"15"
381458,3,8613,"Miami-Dade","Pinecrest","Close",1,1,1400,24,"16"
381543,1,101,"Miami-Dade","North Miami Beach & Aventura","Far",1,1,760,27,"16"
381658,2,8601,"Miami-Dade","West Kendall","Moderate",1,2,2100,24,"15"
381714,2,8601,"Miami-Dade","West Kendall","Moderate",1,2,1400,20,"15"
381801,1,1112,"Miami-Dade","Miami-Dade PUMA 1112","N/A",1,1,2000,24,"15"
381909,2,101,"Miami-Dade","North Miami Beach & Aventura","Far",1,2,890,21,"15"
382030,2,5706,"Palm Beach","Palm Beach PUMA 5706","N/A",1,1,2000,24,"15"
382087,4,8615,"Miami-Dade","Kendall Hammocks","Moderate",1,2,2000,23,"15"
382204,1,102,"Miami-Dade","North Miami","Far",1,1,30,22,"15"
382527,1,5705,"Palm Beach","Palm Beach PUMA 5705","N/A",1,9,1300,21,"15"
382592,4,8605,"Miami-Dade","Coral Gables West (NEAR UM!)","VERY CLOSE",1,2,1200,21,"15"
382618,3,1106,"Miami-Dade","Doral","Moderate",1,3,2500,22,"15"
382746,4,8617,"Miami-Dade","Southwest Miami-Dade","Far",1,2,1700,23,"15"
382807,2,8613,"Miami-Dade","Pinecrest","Close",1,9,1000,19,"15"
382965,3,1116,"Miami-Dade","Miami-Dade PUMA 1116","N/A",1,5,2900,20,"15"
382966,2,1108,"Miami-Dade","Kendall Lakes","Moderate",1,9,390,24,"16"
383087,3,1111,"Miami-Dade","South Miami & Pinecrest","Very Close",1,2,3700,20,"15"
383130,3,8616,"Miami-Dade","Kendall Central","Moderate",1,1,2500,20,"15"
383258,2,1902,"Palm Beach","Palm Beach PUMA 1902","N/A",1,3,1400,24,"16"
383450,3,8606,"Miami-Dade","South Miami Heights","Close",1,3,2500,24,"15"
383643,2,8612,"Miami-Dade","Miami-Dade PUMA 8612","N/A",1,2,1800,22,"15"
383643,2,8612,"Miami-Dade","Miami-Dade PUMA 8612","N/A",1,2,1800,22,"15"
383745,3,8620,"Miami-Dade","Cutler Bay","Far",1,3,2500,23,"15"
383778,2,8614,"Miami-Dade","Kendall Dadeland","Moderate",1,1,2700,30,"16"
383803,2,1113,"Miami-Dade","Miami-Dade PUMA 1113","N/A",1,1,1700,20,"15"
384023,7,5702,"Palm Beach","Palm Beach PUMA 5702","N/A",1,3,2300,22,"15"
384097,2,902,"Miami-Dade","Miami Shores","Far",1,2,900,22,"15"
384295,4,101,"Miami-Dade","North Miami Beach & Aventura","Far",1,4,590,20,"15"
384295,4,101,"Miami-Dade","North Miami Beach & Aventura","Far",1,4,590,20,"15"
384295,4,101,"Miami-Dade","North Miami Beach & Aventura","Far",1,4,590,20,"15"
384295,4,101,"Miami-Dade","North Miami Beach & Aventura","Far",1,4,590,19,"15"
384533,1,8614,"Miami-Dade","Kendall Dadeland","Moderate",1,1,2000,20,"15"
384778,1,8610,"Miami-Dade","Coral Gables Central (UM CAMPUS!)","VERY CLOSE",1,1,2500,25,"16"
384818,2,5703,"Palm Beach","Palm Beach PUMA 5703","N/A",1,2,3000,26,"16"
384818,2,5703,"Palm Beach","Palm Beach PUMA 5703","N/A",1,2,3000,23,"15"
384876,4,1109,"Miami-Dade","Kendall East","Moderate",1,3,4600,23,"15"
384959,2,8612,"Miami-Dade","Miami-Dade PUMA 8612","N/A",1,1,280,27,"15"
385132,8,8606,"Miami-Dade","South Miami Heights","Close",1,3,2400,23,"15"
385169,2,903,"Miami-Dade","Little Haiti","Far",1,2,1700,28,"16"
385252,2,1116,"Miami-Dade","Miami-Dade PUMA 1116","N/A",1,2,2400,29,"16"
385290,4,8610,"Miami-Dade","Coral Gables Central (UM CAMPUS!)","VERY CLOSE",1,2,600,23,"15"
385296,2,5710,"Palm Beach","Palm Beach PUMA 5710","N/A",1,1,1500,20,"15"
385332,2,8623,"Miami-Dade","South Dade","Far",1,1,1700,23,"15"
385357,4,8621,"Miami-Dade","Palmetto Bay","Close",1,3,3000,19,"15"
385564,3,8611,"Miami-Dade","Olympia Heights","Close",1,9,1300,21,"15"
385743,6,8603,"Miami-Dade","Coral Gables East (NEAR UM!)","VERY CLOSE",1,2,1700,22,"15"
385743,6,8603,"Miami-Dade","Coral Gables East (NEAR UM!)","VERY CLOSE",1,2,1700,20,"15"
385887,2,500,"Miami-Dade","Miami-Dade PUMA 500","N/A",1,2,1500,27,"15"
385887,2,500,"Miami-Dade","Miami-Dade PUMA 500","N/A",1,2,1500,26,"15"
385901,3,8615,"Miami-Dade","Kendall Hammocks","Moderate",1,1,950,19,"15"
386028,3,904,"Miami-Dade","Allapattah","Far",1,4,1400,27,"15"
386316,4,101,"Miami-Dade","North Miami Beach & Aventura","Far",1,3,490,22,"15"
386316,4,101,"Miami-Dade","North Miami Beach & Aventura","Far",1,3,490,22,"15"
386316,4,101,"Miami-Dade","North Miami Beach & Aventura","Far",1,3,490,22,"15"
386372,4,5705,"Palm Beach","Palm Beach PUMA 5705","N/A",1,1,2000,19,"15"
386452,4,798,"Miami-Dade","Miami-Dade PUMA 798","N/A",1,2,1500,28,"15"
386467,2,902,"Miami-Dade","Miami Shores","Far",1,2,1600,28,"15"
386532,2,101,"Miami-Dade","North Miami Beach & Aventura","Far",1,2,980,21,"15"
386532,2,101,"Miami-Dade","North Miami Beach & Aventura","Far",1,2,980,22,"15"
386553,3,8623,"Miami-Dade","South Dade","Far",1,1,2000,22,"15"
386562,1,8608,"Miami-Dade","Kendall West","Moderate",1,1,2700,24,"15"
386742,2,8616,"Miami-Dade","Kendall Central","Moderate",1,6,750,24,"15"
386758,4,5705,"Palm Beach","Palm Beach PUMA 5705","N/A",1,2,990,18,"15"
386809,3,8612,"Miami-Dade","Miami-Dade PUMA 8612","N/A",1,9,1500,24,"15"
386851,1,5705,"Palm Beach","Palm Beach PUMA 5705","N/A",1,2,890,21,"15"
386890,1,8613,"Miami-Dade","Pinecrest","Close",1,1,2500,26,"16"
387000,2,8624,"Miami-Dade","Miami-Dade PUMA 8624","N/A",1,1,900,27,"15"
387218,1,101,"Miami-Dade","North Miami Beach & Aventura","Far",1,1,2000,27,"16"
387327,2,5703,"Palm Beach","Palm Beach PUMA 5703","N/A",1,1,2200,21,"15"
387350,1,905,"Miami-Dade","Miami-Dade PUMA 905","N/A",1,1,1800,26,"16"
387369,2,8613,"Miami-Dade","Pinecrest","Close",1,1,1500,27,"16"
387460,4,8601,"Miami-Dade","West Kendall","Moderate",1,1,2200,24,"15"
387460,4,8601,"Miami-Dade","West Kendall","Moderate",1,1,2200,23,"15"
387460,4,8601,"Miami-Dade","West Kendall","Moderate",1,1,2200,20,"15"
387491,4,5706,"Palm Beach","Palm Beach PUMA 5706","N/A",1,3,1200,18,"15"
387516,1,5704,"Palm Beach","Palm Beach PUMA 5704","N/A",1,1,1800,28,"15"
387611,2,1113,"Miami-Dade","Miami-Dade PUMA 1113","N/A",1,2,1200,20,"15"
387691,2,102,"Miami-Dade","North Miami","Far",1,2,1200,21,"15"
387691,2,102,"Miami-Dade","North Miami","Far",1,2,1200,20,"15"
387736,2,8623,"Miami-Dade","South Dade","Far",1,2,2800,23,"15"
387871,2,5703,"Palm Beach","Palm Beach PUMA 5703","N/A",1,2,1700,24,"15"
387891,4,8603,"Miami-Dade","Coral Gables East (NEAR UM!)","VERY CLOSE",1,3,2100,28,"16"
387925,1,5702,"Palm Beach","Palm Beach PUMA 5702","N/A",1,9,170,22,"15"
388023,2,1114,"Miami-Dade","Miami-Dade PUMA 1114","N/A",1,1,1500,24,"15"
388034,6,1117,"Miami-Dade","Miami-Dade PUMA 1117","N/A",1,3,8200,20,"15"
388091,4,500,"Miami-Dade","Miami-Dade PUMA 500","N/A",1,1,950,22,"15"
388091,4,500,"Miami-Dade","Miami-Dade PUMA 500","N/A",1,1,950,20,"15"
388118,8,5704,"Palm Beach","Palm Beach PUMA 5704","N/A",1,3,8200,29,"15"
388359,2,8613,"Miami-Dade","Pinecrest","Close",1,1,2500,29,"16"
388465,5,8619,"Miami-Dade","Homestead","Far",1,1,500,20,"15"
388504,3,5707,"Palm Beach","Palm Beach PUMA 5707","N/A",1,1,1800,29,"15"
388614,3,8602,"Miami-Dade","Coral Gables East (NEAR UM!)","VERY CLOSE",1,1,2000,22,"15"
388907,20,101,"Miami-Dade","North Miami Beach & Aventura","Far",5,1,500,18,"15"
388907,20,101,"Miami-Dade","North Miami Beach & Aventura","Far",5,1,500,21,"15"
388907,20,101,"Miami-Dade","North Miami Beach & Aventura","Far",5,1,500,21,"15"
388907,20,101,"Miami-Dade","North Miami Beach & Aventura","Far",5,1,500,21,"15"
388907,20,101,"Miami-Dade","North Miami Beach & Aventura","Far",5,1,500,21,"15"
388907,20,101,"Miami-Dade","North Miami Beach & Aventura","Far",5,1,500,21,"15"
388907,20,101,"Miami-Dade","North Miami Beach & Aventura","Far",5,1,500,21,"15"
388907,20,101,"Miami-Dade","North Miami Beach & Aventura","Far",5,1,500,21,"15"
388907,20,101,"Miami-Dade","North Miami Beach & Aventura","Far",5,1,500,21,"15"
388907,20,101,"Miami-Dade","North Miami Beach & Aventura","Far",5,1,500,20,"15"
388907,20,101,"Miami-Dade","North Miami Beach & Aventura","Far",5,1,500,19,"15"
388907,20,101,"Miami-Dade","North Miami Beach & Aventura","Far",5,1,500,19,"15"
388907,20,101,"Miami-Dade","North Miami Beach & Aventura","Far",5,1,500,19,"15"
388907,20,101,"Miami-Dade","North Miami Beach & Aventura","Far",5,1,500,19,"15"
388907,20,101,"Miami-Dade","North Miami Beach & Aventura","Far",5,1,500,19,"15"
388907,20,101,"Miami-Dade","North Miami Beach & Aventura","Far",5,1,500,18,"15"
388907,20,101,"Miami-Dade","North Miami Beach & Aventura","Far",5,1,500,18,"15"
388907,20,101,"Miami-Dade","North Miami Beach & Aventura","Far",5,1,500,18,"15"
388907,20,101,"Miami-Dade","North Miami Beach & Aventura","Far",5,1,500,18,"15"
389006,3,5707,"Palm Beach","Palm Beach PUMA 5707","N/A",1,3,2000,27,"15"
389152,2,8614,"Miami-Dade","Kendall Dadeland","Moderate",1,9,8200,22,"15"
389316,4,1107,"Miami-Dade","Kendall West","Moderate",1,2,2100,28,"15"
389378,5,8614,"Miami-Dade","Kendall Dadeland","Moderate",1,1,2000,19,"15"
389390,4,8608,"Miami-Dade","Kendall West","Moderate",1,2,2500,19,"15"
389455,2,8604,"Miami-Dade","Miami-Dade PUMA 8604","N/A",1,2,8200,23,"15"
389554,5,8601,"Miami-Dade","West Kendall","Moderate",1,4,2000,20,"15"
389592,4,500,"Miami-Dade","Miami-Dade PUMA 500","N/A",1,3,1500,28,"15"
389648,4,5705,"Palm Beach","Palm Beach PUMA 5705","N/A",1,2,920,19,"15"
389648,4,5705,"Palm Beach","Palm Beach PUMA 5705","N/A",1,2,920,21,"15"
389648,4,5705,"Palm Beach","Palm Beach PUMA 5705","N/A",1,2,920,21,"15"
389648,4,5705,"Palm Beach","Palm Beach PUMA 5705","N/A",1,2,920,19,"15"
389663,1,1112,"Miami-Dade","Miami-Dade PUMA 1112","N/A",1,1,2600,22,"15"
389680,1,8616,"Miami-Dade","Kendall Central","Moderate",1,1,2400,26,"16"
389705,2,8616,"Miami-Dade","Kendall Central","Moderate",1,1,2500,29,"15"
390012,2,2102,"Palm Beach","Palm Beach PUMA 2102","N/A",1,2,2500,18,"15"
390106,2,5705,"Palm Beach","Palm Beach PUMA 5705","N/A",1,2,1700,22,"15"
390144,2,5705,"Palm Beach","Palm Beach PUMA 5705","N/A",1,2,1600,30,"15"
390144,2,5705,"Palm Beach","Palm Beach PUMA 5705","N/A",1,2,1600,19,"15"
390276,5,5706,"Palm Beach","Palm Beach PUMA 5706","N/A",1,3,1800,19,"15"
390301,6,101,"Miami-Dade","North Miami Beach & Aventura","Far",2,9,1700,25,"16"
390301,6,101,"Miami-Dade","North Miami Beach & Aventura","Far",2,9,1700,27,"16"
390301,6,101,"Miami-Dade","North Miami Beach & Aventura","Far",2,9,1700,24,"16"
390301,6,101,"Miami-Dade","North Miami Beach & Aventura","Far",2,9,1700,24,"16"
390301,6,101,"Miami-Dade","North Miami Beach & Aventura","Far",2,9,1700,23,"16"
390301,6,101,"Miami-Dade","North Miami Beach & Aventura","Far",2,9,1700,22,"16"
390472,2,101,"Miami-Dade","North Miami Beach & Aventura","Far",1,2,980,23,"15"
390492,3,905,"Miami-Dade","Miami-Dade PUMA 905","N/A",1,2,2100,26,"15"
390492,3,905,"Miami-Dade","Miami-Dade PUMA 905","N/A",1,2,2100,27,"15"
390562,1,5702,"Palm Beach","Palm Beach PUMA 5702","N/A",1,1,410,27,"16"
390578,1,5705,"Palm Beach","Palm Beach PUMA 5705","N/A",1,9,1500,23,"16"
390645,3,8607,"Miami-Dade","Kendall Sunset","Moderate",1,3,2400,20,"15"
390805,3,1116,"Miami-Dade","Miami-Dade PUMA 1116","N/A",1,2,2200,22,"15"
